YEAR,SITE,OTTER_baylevel,OTTER_2km,OTTER_density,BAYSIZE,OTTER2km_smooth,OTTERbaydensity_smooth,OTTERLEVEL,ENSO,NEREO,MACRO,LAMSP,COST,PTERY,DESM,ASTREA,ABALONE,PYCNO,DERMAST,HENRICIA,ORTHAST,PISAST,PARA,SFRAN,SDROEB,SPURP,CUCUM,RAREUNDERSTORYKELP
1988,GULL,201,5,1.010050251,199,5,0.922080267,FEW,-1.074957143,0.875468737,0,3.887730313,0,4.558078578,3.218875825,0.182321557,0,0.955511445,0.78845736,2.282382386,0.78845736,0.182321557,0,0.182321557,0.336472237,0,0.470003629,1.223775432
1989,GULL,329,0,1.653266332,199,0.520339327,1.141081872,ABUNDANT,0.136871429,0.336472237,2.282382386,4.077537444,0,4.428433007,4.374498368,0,0.336472237,1.16315081,0.693147181,2.151762203,0.587786665,0,0.182321557,0.470003629,0,0.336472237,0,0
1990,GULL,288,1,1.447236181,199,1.798576118,1.357550648,ABUNDANT,0.464885714,0,1.648658626,4.028916757,0,4.391976966,3.433987204,1.435084525,0.182321557,1.16315081,1.481604541,2.219203484,0.78845736,0,0,0,0,0,0.182321557,0
1991,GULL,230,0,1.155778894,199,3.238597676,1.573318777,FEW,1.441414286,0.470003629,1.223775432,3.742420221,0,4.406719247,2.624668592,1.098612289,0.470003629,1.223775432,1.648658626,1.648658626,0.955511445,0,0,1.029619417,0,0.182321557,0,0.182321557
1992,GULL,257,0,1.291457286,199,4.865057087,1.789024255,ABUNDANT,0.9243,0,0,3.532225644,0,4.168214411,3.044522438,1.098612289,0.182321557,0.875468737,1.029619417,2.104134154,1.280933845,0,0,0.587786665,0.182321557,0,0,0
1993,GULL,272,4,1.366834171,199,6.647120168,2.002461517,ABUNDANT,0.695885714,0,1.223775432,3.265759411,0,4.074141855,3.673765816,0.182321557,0,1.223775432,1.280933845,1.568615918,0.470003629,0.182321557,0,0.336472237,0.336472237,0,0,0
1994,GULL,413,4,2.075376884,199,8.533692821,2.211197389,ABUNDANT,0.902828571,0,1.757857918,3.152736022,0,4.136765278,3.532225644,0,0,0.336472237,1.526056303,1.526056303,0.693147181,0.470003629,0,0,0,0,0.182321557,0
1995,GULL,530,21,2.663316583,199,10.47368095,2.412798702,ABUNDANT,-0.3563,0,2.856470206,2.667228207,0,4.097672352,4.251348311,1.223775432,0,0.693147181,1.335001067,0.182321557,0.470003629,0,0,0.336472237,0,0,0,0.182321557
1996,GULL,576,7,2.894472362,199,12.70717755,2.621290722,ABUNDANT,0.224514286,0,1.029619417,2.397895273,0,3.828641396,4.609162207,2.079441542,0,1.029619417,1.16315081,0.78845736,0.587786665,0,0,0,0,0,0.182321557,0.875468737
1997,GULL,596,10,2.994974874,199,15.28777857,2.840187018,ABUNDANT,2.371485714,0.336472237,3.005682604,1.648658626,0,3.478158423,4.036008985,1.098612289,0,0.470003629,0.78845736,0.587786665,0.336472237,0,0,0,0,0,0,0
1998,GULL,668,1,3.35678392,199,17.88464436,3.051286876,ABUNDANT,-0.773342857,0,1.029619417,0.336472237,0,3.135494216,6.072583598,2.261763098,0.336472237,0.336472237,0.955511445,1.335001067,1.16315081,0.182321557,0,1.648658626,0.336472237,0,0.470003629,0
1999,GULL,714,74,3.587939698,199,20.16693528,3.23638958,ABUNDANT,-0.769557143,3.642835516,2.028148247,0.693147181,0.182321557,2.48490665,6.295266001,1.686398954,0,0.182321557,1.098612289,0.78845736,0.587786665,0,0,1.335001067,0,0,0.182321557,3.63758616
2000,GULL,590,0,2.964824121,199,22.06821743,3.379159961,ABUNDANT,-0.294757143,3.60004824,1.16315081,1.481604541,0.78845736,2.923161581,4.177459469,2.360854001,0,0.470003629,1.16315081,1.609437912,0.470003629,0,0,0.182321557,0.470003629,0,0,2.240709689
2001,GULL,663,6,3.331658291,199,23.78583982,3.490904643,ABUNDANT,0.160685714,1.386294361,1.757857918,1.16315081,0,3.288401888,4.609162207,1.029619417,0,0.955511445,1.335001067,1.029619417,0.336472237,0.182321557,0,0,0,0,0,0.693147181
2002,GULL,667,37,3.351758794,199,25.38463715,3.594885598,ABUNDANT,0.7845,1.945910149,1.916922612,1.098612289,0,3.091042453,5.813533339,1.686398954,0,0.470003629,0.336472237,1.098612289,0,0,0,0,0.693147181,0,0,1.098612289
2003,GULL,723,13,3.633165829,199,25.98482334,3.67306976,ABUNDANT,0.392428571,2.867898902,0.955511445,1.16315081,0,3.27336401,5.387243576,0.955511445,0.182321557,0.78845736,1.029619417,0.78845736,0.78845736,0,0.182321557,0.182321557,0,0,0,0.78845736
2004,GULL,740,38,3.718592965,199,25.52021543,3.716838916,ABUNDANT,0.656828571,2.028148247,1.648658626,0.78845736,0,2.923161581,5.812337881,0.955511445,0.182321557,0.470003629,1.029619417,1.029619417,0.336472237,0,0,0,0,0,0,0.875468737
2005,GULL,824,38,4.140703518,199,25.27605282,3.763577324,ABUNDANT,-0.0987,0.182321557,0.955511445,1.029619417,0,2.912350665,6.164577165,1.098612289,0,1.481604541,0.470003629,0.336472237,0.693147181,0,0,0,0,0,0,1.386294361
2006,GULL,720,34,3.618090452,199,26.53757488,3.850669241,ABUNDANT,0.577185714,4.919980926,1.686398954,3.317815773,0,3.194583132,6.841188035,1.16315081,0,1.280933845,1.280933845,0.693147181,0.182321557,0,0,0.470003629,0.693147181,0,0,3.258096538
2007,GULL,949,12,4.768844221,199,29.26734245,3.973392638,ABUNDANT,-0.8802,0.470003629,1.686398954,1.974081026,0,4.222444565,6.288230238,0.587786665,0,1.280933845,1.648658626,1.335001067,1.029619417,0,0,0.78845736,0.336472237,0,0,2.128231706
2008,GULL,882,32,4.432160804,199,32.68863807,4.106569083,ABUNDANT,-0.280185714,2.809402695,1.098612289,1.887069649,0,3.673765816,6.161207322,0,0.470003629,0.182321557,1.280933845,0.955511445,0.182321557,0,0,0,0.182321557,0,0,2.197224577
2009,GULL,530,45,2.663316583,199,36.97778372,4.25689823,ABUNDANT,0.788271429,3.202746443,3.091042453,2.32238772,1.648658626,3.374168709,5.455321115,1.974081026,0,1.029619417,1.386294361,1.386294361,0.78845736,0,0,0,0,0,0,3.325036021
2010,GULL,890,40,4.472361809,199,42.31110132,4.431079734,ABUNDANT,-1.3422,2.240709689,1.85629799,0.78845736,0,4.060443011,5.190732156,0.182321557,0,0,1.029619417,1.098612289,0.693147181,0.336472237,0,0,0,0,0,1.609437912
2011,GULL,909,22,4.567839196,199,48.60823038,4.626800395,ABUNDANT,-0.362271429,3.440418095,2.219203484,2.028148247,0.182321557,4.014579594,5.401776075,0.587786665,0.693147181,0.78845736,2.240709689,1.386294361,1.098612289,0.182321557,0,0.336472237,0,0.182321557,0,2.451005098
2012,GULL,946,39,4.753768844,199,55.72615323,4.83960524,ABUNDANT,0.104157143,2.501435952,2.197224577,2.517696473,0.182321557,4.130355,5.295312858,0,0.182321557,1.280933845,1.648658626,1.098612289,1.098612289,0,0,0,0.336472237,0,0,2.63905733
2013,GULL,1152,51,5.788944724,199,63.7472061,5.072981257,ABUNDANT,0.109885714,1.335001067,2.433613355,1.686398954,0.336472237,4.139955073,4.515245478,0,0,0.78845736,1.481604541,1.609437912,0.182321557,0,0,0,0,0,0,2.104134154
2014,GULL,1099,155,5.522613065,199,72.75372521,5.330415437,ABUNDANT,0.903371429,1.526056303,1.916922612,2.219203484,0,3.912023005,5.276071758,0.182321557,0.470003629,0.182321557,1.722766598,1.481604541,1.029619417,0,0,0,0.182321557,0,0,2.797281335
2015,GULL,1005,74,5.050251256,199,82.78742203,5.613226244,ABUNDANT,1.977171429,1.280933845,0.78845736,1.824549292,0,3.996364154,4.354141431,0,0.78845736,0,1.791759469,1.916922612,0.182321557,0,0,1.098612289,0.693147181,1.16315081,0,2.681021529
2016,GULL,1156,56,5.809045226,199,93.79757139,5.919172744,ABUNDANT,0.189342857,0.693147181,1.824549292,0.955511445,0,3.832979798,1.481604541,0.693147181,0.78845736,0.182321557,1.609437912,1.280933845,1.223775432,0,0,2.00148,0.182321557,0,0,3.17805383
2017,GULL,1285,115,6.457286432,199,105.7278546,6.246402834,ABUNDANT,-0.273885714,0.336472237,2.734367509,1.526056303,0,3.854393893,2.747270914,0.182321557,0.693147181,0.182321557,1.85629799,1.098612289,0.955511445,0,0,1.824549292,0.693147181,1.223775432,0,3.653252276
1987,KAMILS,0,0,0,18.6,0,0.106516585,ABSENT,0.884657143,0.182321557,0,0,0,0,0,2.028148247,0.470003629,0.587786665,0,0.470003629,0.470003629,0,0.470003629,4.995860009,0,1.280933845,0.587786665,0
1988,KAMILS,3,3,0.161290323,18.6,0.724637924,0.013195437,FEW,-1.074957143,4.736198448,2.856470206,3.433987204,2.079441542,1.824549292,4.225372825,3.572345638,0,0.336472237,0,0.470003629,0.693147181,0,0,4.707726774,0.587786665,0,1.280933845,3.401197382
1989,KAMILS,0,0,0,18.6,4.51816302,0,ABSENT,0.136871429,3.985273467,3.234749174,4.242764567,2.901421594,2.879198457,4.768988271,3.708682081,0.182321557,0.336472237,0.470003629,0.955511445,0.470003629,0,0.182321557,1.435084525,0.336472237,0.336472237,1.16315081,2.821378886
1990,KAMILS,0,0,0,18.6,7.831114034,0,ABSENT,0.464885714,0.587786665,4.532599493,4.570578741,1.722766598,3.234749174,1.916922612,1.481604541,0.182321557,0.470003629,0,0.875468737,0,0,0,0.182321557,0,0,0,0.336472237
1991,KAMILS,0,0,0,18.6,10.56264883,0.001087309,ABSENT,1.441414286,0,3.632309103,4.186619838,1.335001067,3.202746443,2.667228207,2.901421594,0.470003629,0.875468737,0.587786665,1.098612289,0.693147181,0.182321557,0.470003629,0.182321557,0,0,0,2.302585093
1992,KAMILS,4,0,0.215053763,18.6,12.80861275,0.084568401,FEW,0.9243,0.182321557,3.742420221,3.693866996,1.098612289,3.280911216,2.58021683,2.379546134,0.78845736,0.470003629,0.587786665,1.029619417,0.587786665,0.182321557,0,0.470003629,0.182321557,0,0,0.78845736
1993,KAMILS,0,0,0,18.6,14.74456182,0.21274595,ABSENT,0.695885714,1.223775432,4.359269648,3.947390149,0.78845736,3.08190997,3.471966453,1.974081026,0.336472237,0.336472237,0.336472237,0.470003629,0.182321557,0,0,0,0.182321557,0,1.16315081,2.219203484
1994,KAMILS,0,121,0,18.6,16.54605204,0.386719964,ABSENT,0.902828571,0,4.879767019,3.025291076,0,3.594568775,0,2.833213344,0.693147181,0.875468737,0,0.955511445,0,0,0,0,0.587786665,0,0.693147181,2.433613355
1995,KAMILS,0,0,0,18.6,17.81514332,0.601186206,ABSENT,-0.3563,0,4.734442522,3.374168709,0.336472237,3.303216973,2.912350665,2.667228207,0.587786665,0.336472237,0,0.693147181,0.336472237,0,0,0,0,0,0.587786665,1.916922612
1996,KAMILS,40,21,2.150537634,18.6,18.35314995,0.85504283,FEW,0.224514286,0,4.6558633,3.169685581,0,3.589059119,3.08190997,2.302585093,0,1.029619417,0.587786665,1.029619417,0.336472237,0,0,0.470003629,0,0,0.78845736,1.16315081
1997,KAMILS,22,1,1.182795699,18.6,18.63450958,1.15569342,FEW,2.371485714,0,4.180522258,2.302585093,0,3.42751469,0.587786665,3.234749174,0,0.875468737,0.182321557,0.955511445,0.470003629,0.336472237,0,0,0,0,0,1.029619417
1998,KAMILS,10,8,0.537634409,18.6,19.13365984,1.510541563,FEW,-0.773342857,0,4.328098293,3.117949906,0,3.242592351,4.053522568,3.433987204,0.182321557,0.693147181,0.693147181,0.955511445,1.029619417,0.470003629,0.182321557,0.336472237,0,0,0.875468737,1.791759469
1999,KAMILS,76,0,4.086021505,18.6,18.20309698,1.837275699,FEW,-0.769557143,0.182321557,4.810557016,2.624668592,0.182321557,3.194583132,4.097672352,4.741447804,0.182321557,1.280933845,0.693147181,1.568615918,0.78845736,0.182321557,0,1.029619417,0,0,0,3.218875825
2000,KAMILS,21,18,1.129032258,18.6,15.64205745,2.130231845,FEW,-0.294757143,0.470003629,4.17438727,2.282382386,1.029619417,3.353406718,4.685828089,4.371976299,0.182321557,1.098612289,0.78845736,1.335001067,1.16315081,0.182321557,0.182321557,0.336472237,0,0,0.336472237,1.386294361
2001,KAMILS,83,57,4.462365591,18.6,14.0950892,2.511784955,FEW,0.160685714,0.182321557,4.83786795,2.079441542,0.875468737,3.169685581,2.104134154,3.303216973,0.336472237,1.916922612,1.16315081,1.335001067,0.693147181,0,0,0,0,0,0,2.341805806
2002,KAMILS,0,0,0,18.6,16.20674016,3.104309981,ABSENT,0.7845,0.336472237,4.709530201,2.451005098,0.470003629,2.785011242,1.526056303,4.222444565,0.336472237,1.435084525,1.280933845,1.686398954,0.78845736,0,0,0,0,0,0,2.128231706
2003,KAMILS,82,13,4.408602151,18.6,23.64995819,4.003520236,FEW,0.392428571,0,4.683981366,2.923161581,0.470003629,3.109060959,3.561046083,2.901421594,0.336472237,1.029619417,1.481604541,1.648658626,0.875468737,0,0,0.470003629,0,0,0,0
2004,KAMILS,111,52,5.967741935,18.6,34.74827641,5.135227345,FEW,0.656828571,0,5.054971108,2.261763098,0,2.867898902,1.029619417,2.844909384,0,0.875468737,0.587786665,1.791759469,0.78845736,0,0,0.336472237,0.336472237,0,0.182321557,0.336472237
2005,KAMILS,93,14,5,18.6,47.12212071,6.366953733,FEW,-0.0987,0,4.49535532,2.261763098,0,2.667228207,2.468099531,3.658420247,0,0.693147181,0.693147181,1.098612289,0.78845736,0,0,0,0,0,0,0.587786665
2006,KAMILS,148,63,7.956989247,18.6,58.39191696,7.566221822,FEW,0.577185714,0,4.765586907,2.174751721,0,2.533696814,4.284964922,3.303216973,0.336472237,1.280933845,0.336472237,1.280933845,0.587786665,0,0,0,0.336472237,0,0,1.887069649
2007,KAMILS,101,41,5.430107527,18.6,69.26140036,8.847429878,FEW,-0.8802,0,4.49088104,1.974081026,0,2.595254707,3.96271612,2.772588722,0.182321557,1.098612289,0.470003629,1.791759469,0.336472237,0,0,0.693147181,0,0,0,2.624668592
2008,KAMILS,179,69,9.623655914,18.6,80.80601903,10.25004322,FEW,-0.280185714,0.470003629,4.377014093,1.945910149,0.182321557,3.044522438,0,1.791759469,0.78845736,0.78845736,0.955511445,1.386294361,0.875468737,0.182321557,0,0,0,0,0,3.5085559
2009,KAMILS,256,94,13.76344086,18.6,91.20376816,11.52918484,ABUNDANT,0.788271429,0,5.094976443,1.757857918,2.912350665,2.564949357,2.197224577,1.029619417,0,0.875468737,1.029619417,0.955511445,0.693147181,0,0,0,0,0,0,2.901421594
2010,KAMILS,247,139,13.27956989,18.6,98.63264298,12.43997774,FEW,-1.3422,1.609437912,4.812184355,3.36729583,0.875468737,2.240709689,3.742420221,2.901421594,0.336472237,0.955511445,1.16315081,1.85629799,0.875468737,0,0,0.470003629,0,0.470003629,0,0
2011,KAMILS,396,218,21.29032258,18.6,103.7038358,13.04458291,ABUNDANT,-0.362271429,0.587786665,5.029129877,3.234749174,2.054123734,3.394508394,2.694627181,2.028148247,0.182321557,1.686398954,0.470003629,1.435084525,0.875468737,0,0,0.693147181,0.182321557,0.470003629,0,3.33220451
2012,KAMILS,276,101,14.83870968,18.6,107.9704493,13.53588555,ABUNDANT,0.104157143,0.587786665,5.046002438,3.572345638,1.16315081,3.015534901,2.104134154,0.587786665,0,0.955511445,0.336472237,0.955511445,0.587786665,0,0,0,0,0,0,2.151762203
2013,KAMILS,239,109,12.84946237,18.6,111.0233444,13.86509502,FEW,0.109885714,3.793239469,4.549657476,3.295836866,0.470003629,2.734367509,0,1.16315081,0,0.587786665,1.609437912,1.887069649,0.78845736,0,0,0.182321557,0,0.182321557,0,0
2014,KAMILS,206,75,11.07526882,18.6,112.4533817,13.98342068,FEW,0.903371429,0,4.991792206,2.954910279,0.470003629,2.809402695,1.098612289,0.78845736,0,0,0.587786665,1.526056303,0,0,0.182321557,0,0,0,0,1.609437912
2015,KAMILS,383,126,20.59139785,18.6,111.9925929,13.86059424,ABUNDANT,1.977171429,1.824549292,4.862908382,2.468099531,1.098612289,2.054123734,0.182321557,1.526056303,0.336472237,0,1.280933845,1.686398954,0,0,0.336472237,1.029619417,0.182321557,0,0,1.887069649
2016,KAMILS,164,27,8.817204301,18.6,109.8439062,13.52268642,FEW,0.189342857,0,4.763881877,1.916922612,0.955511445,1.85629799,0.875468737,2.610069793,1.335001067,0.336472237,1.824549292,1.386294361,0,0,0.470003629,3.325036021,0,0.78845736,0,2.912350665
2017,KAMILS,220,158,11.82795699,18.6,106.3045279,13.00541512,FEW,-0.273885714,0,4.885827644,2.501435952,0,1.887069649,0.470003629,3.56671182,0.182321557,0.693147181,1.223775432,1.223775432,0.182321557,0,0.693147181,2.282382386,0.470003629,0,0,2.261763098
1988,KYUQUOTBAY,0,0,0,40.9,0.577558609,0,ABSENT,-1.074957143,0.470003629,0,0.336472237,0,0,0.470003629,2.197224577,3.015534901,0.693147181,0.78845736,1.945910149,1.029619417,0.470003629,0.182321557,5.621849092,0,0.587786665,3.583518938,0
1989,KYUQUOTBAY,25,0,0.611246944,40.9,0.479406715,0.753034197,FEW,0.136871429,3.242592351,0,1.568615918,2.667228207,2.944438979,3.616308761,1.648658626,2.104134154,0.182321557,0.470003629,1.481604541,0.78845736,0.182321557,0.470003629,5.389984555,0,0.336472237,2.624668592,1.824549292
1990,KYUQUOTBAY,173,3,4.229828851,40.9,0.41421973,1.899440806,FEW,0.464885714,3.265759411,0,1.916922612,2.282382386,2.734367509,3.642835516,0.182321557,1.686398954,0.336472237,0.470003629,1.435084525,0.336472237,0,0,5.622572419,0,0.182321557,2.549445171,0.470003629
1991,KYUQUOTBAY,50,0,1.222493888,40.9,0.383802184,2.975641812,FEW,1.441414286,4.021773869,0,3.109060959,2.054123734,4.591071262,3.688879454,0.587786665,2.549445171,0.336472237,0.182321557,1.16315081,0.78845736,0,0,5.600641716,0.182321557,0.78845736,0,0
1992,KYUQUOTBAY,74,0,1.809290954,40.9,0.386545426,3.977125171,FEW,0.9243,4.382026635,0,2.451005098,2.694627181,4.49088104,3.756538103,0,1.648658626,0,0.470003629,1.435084525,0.470003629,0.78845736,0.182321557,5.658087515,0,0.470003629,0,0.470003629
1993,KYUQUOTBAY,91,0,2.224938875,40.9,0.41933438,4.901303816,FEW,0.695885714,4.354141431,0,2.079441542,3.144152279,4.834693344,4.225372825,0.182321557,1.916922612,0.587786665,0.182321557,0.875468737,0.182321557,0.470003629,0,5.381738975,0,0,3.144152279,0.693147181
1994,KYUQUOTBAY,397,0,9.706601467,40.9,0.481713937,5.751311273,ABUNDANT,0.902828571,3.939638172,0,2.694627181,3.295836866,5.379897354,4.919980926,0.875468737,1.16315081,0.470003629,0.336472237,1.223775432,0.336472237,0.182321557,0.182321557,0.470003629,0.182321557,0,2.302585093,1.098612289
1995,KYUQUOTBAY,240,0,5.86797066,40.9,0.57322899,6.530281067,FEW,-0.3563,0.693147181,0.78845736,3.072693315,1.974081026,5.14633101,3.64805746,0,0.470003629,0,0.336472237,1.386294361,0.336472237,0,0,0,0,0,0,0.693147181
1996,KYUQUOTBAY,255,0,6.234718826,40.9,0.668758977,7.189706928,ABUNDANT,0.224514286,0.693147181,1.435084525,2.517696473,0.470003629,5.63906616,3.77505715,0,0.470003629,0.955511445,1.223775432,2.197224577,0,0,0,0,0,0,3.380994674,0.182321557
1997,KYUQUOTBAY,361,0,8.826405868,40.9,0.769110618,7.724417817,ABUNDANT,2.371485714,0.78845736,0.182321557,2.856470206,0.336472237,5.209486153,1.029619417,0,0,0.336472237,0.470003629,1.609437912,0.336472237,0.336472237,0,0.336472237,0,0,0,1.686398954
1998,KYUQUOTBAY,388,0,9.486552567,40.9,0.912719731,8.202550107,ABUNDANT,-0.773342857,0.470003629,1.648658626,2.468099531,0.182321557,5.302309388,3.549617387,0.182321557,0,1.16315081,0.78845736,1.791759469,0.470003629,0.182321557,0.182321557,0,0,0,2.433613355,0
1999,KYUQUOTBAY,426,7,10.41564792,40.9,1.138022134,8.69224017,ABUNDANT,-0.769557143,1.029619417,0.470003629,1.945910149,0,5.194067345,5.025195445,0,0.336472237,0.875468737,0.78845736,2.00148,0.587786665,0,0.182321557,0.182321557,0,0,1.757857918,2.397895273
2000,KYUQUOTBAY,391,3,9.5599022,40.9,1.546854995,9.129124193,ABUNDANT,-0.294757143,1.945910149,0.470003629,1.85629799,3.288401888,5.014627315,3.549617387,0,0.470003629,1.791759469,1.029619417,1.916922612,0.336472237,0.182321557,0,0,0,0,0.78845736,2.079441542
2001,KYUQUOTBAY,372,0,9.095354523,40.9,2.074518642,9.484432087,ABUNDANT,0.160685714,1.526056303,2.379546134,2.219203484,1.280933845,4.81866736,2.517696473,0,0.336472237,0.955511445,1.16315081,1.916922612,0.78845736,0.336472237,0,0.182321557,0,0,0,1.335001067
2002,KYUQUOTBAY,417,1,10.19559902,40.9,2.509643634,9.879690802,ABUNDANT,0.7845,2.128231706,1.223775432,2.785011242,1.686398954,4.555979942,2.856470206,0,0,0.336472237,0.693147181,1.481604541,0.693147181,0,0,0,0,0,0,0
2003,KYUQUOTBAY,293,0,7.163814181,40.9,2.803090019,10.3564953,ABUNDANT,0.392428571,1.223775432,0.78845736,1.481604541,0.470003629,4.593097605,3.218875825,0,0,0.693147181,0.587786665,1.481604541,0.470003629,0,0,0.336472237,0.182321557,0,0,0
2004,KYUQUOTBAY,296,1,7.237163814,40.9,3.069951222,10.85125406,ABUNDANT,0.656828571,2.00148,0.693147181,2.128231706,0.336472237,4.379523504,4.15575319,0.336472237,0,0.693147181,0.182321557,1.435084525,0.587786665,0.336472237,0,0.336472237,0,0,0,0.182321557
2005,KYUQUOTBAY,264,1,6.454767726,40.9,3.345207867,11.32771426,ABUNDANT,-0.0987,0.470003629,0,1.686398954,0,4.094344562,4.900820428,0,0,0.587786665,0.587786665,0.955511445,0,0,0,0,0,0,0,0.336472237
2006,KYUQUOTBAY,900,14,22.00488998,40.9,3.663840576,11.74962312,ABUNDANT,0.577185714,3.144152279,0,2.174751721,0,3.797733859,5.562986665,0.182321557,0,0,0.955511445,1.435084525,0.336472237,0,0,0,0.182321557,0,0,1.098612289
2007,KYUQUOTBAY,566,4,13.83863081,40.9,4.102681643,12.08460475,ABUNDANT,-0.8802,3.27336401,0.182321557,2.533696814,0.587786665,3.747148362,5.05751888,0,0,1.223775432,1.280933845,1.722766598,0.470003629,0,0,0.470003629,0,0,0,1.609437912
2008,KYUQUOTBAY,701,4,17.1393643,40.9,4.618681361,12.3743202,ABUNDANT,-0.280185714,3.819907717,0.470003629,1.280933845,2.93385687,2.821378886,5.39180771,0.182321557,0,0.470003629,0.470003629,1.568615918,0.182321557,0,0,0,0,0,0,4.423648309
2009,KYUQUOTBAY,265,3,6.479217604,40.9,5.066997352,12.69357212,ABUNDANT,0.788271429,3.589059119,1.757857918,1.648658626,2.151762203,3.663561646,4.705920089,1.481604541,0,0.78845736,1.098612289,1.609437912,0.336472237,0,0,0,0,0,0,4.659658371
2010,KYUQUOTBAY,539,1,13.17848411,40.9,5.302787236,13.1171631,ABUNDANT,-1.3422,4.06731589,0.587786665,1.029619417,1.686398954,4.374498368,3.407841924,0,0,0.336472237,1.526056303,0.336472237,0.470003629,0,0,0,0,0,0,0.336472237
2011,KYUQUOTBAY,515,1,12.59168704,40.9,5.347628514,13.62565308,ABUNDANT,-0.362271429,3.802208139,2.624668592,1.686398954,1.609437912,4.293195421,4.322807275,0,0,0.693147181,0.875468737,1.526056303,0.470003629,0.470003629,0,0.470003629,0,0.182321557,0,0
2012,KYUQUOTBAY,507,19,12.39608802,40.9,5.311504213,14.16431211,ABUNDANT,0.104157143,3.054001182,3.08190997,2.282382386,1.029619417,4.38949865,3.916015027,0,0.182321557,0.336472237,0.182321557,1.609437912,0,0.182321557,0,0.336472237,0,0.182321557,0,1.16315081
2013,KYUQUOTBAY,563,5,13.76528117,40.9,5.182180241,14.75500807,ABUNDANT,0.109885714,1.85629799,4.228292535,3.034952987,0.693147181,4.15575319,3.288401888,0,0,0.470003629,0.955511445,1.481604541,0.336472237,0,0,0.336472237,0,0.182321557,0,0
2014,KYUQUOTBAY,621,2,15.18337408,40.9,4.947422504,15.41960882,ABUNDANT,0.903371429,2.240709689,3.42751469,1.85629799,0.336472237,4.228292535,4.228292535,0,0,0.587786665,0.693147181,1.791759469,0,0,0,0,0,0,0,0.955511445
2015,KYUQUOTBAY,605,2,14.79217604,40.9,4.599413279,16.17346684,ABUNDANT,1.977171429,1.945910149,1.648658626,2.48490665,0.182321557,4.077537444,3.850147602,0,0.182321557,0,1.280933845,1.791759469,0.587786665,0,0,0.587786665,0,0.336472237,0,0
2016,KYUQUOTBAY,658,6,16.08801956,40.9,4.143927514,17.0072721,ABUNDANT,0.189342857,0.470003629,2.48490665,2.128231706,0.182321557,3.779633817,3.779633817,0.336472237,0.182321557,0.182321557,1.386294361,1.335001067,0,0,0,1.945910149,0,1.029619417,0,0.336472237
2017,KYUQUOTBAY,862,3,21.07579462,40.9,3.589120123,17.90589872,ABUNDANT,-0.273885714,0.875468737,2.32238772,2.501435952,0,3.526360525,2.901421594,0,0.587786665,0.182321557,1.098612289,1.757857918,0.182321557,0.182321557,0,2.240709689,0.587786665,0.875468737,0,0.336472237
1987,MQUINNA ,139,3,1.362745098,102,2.782230992,1.391422423,FEW,0.884657143,0,0,0,0,0,0,0.875468737,0.78845736,1.223775432,0.182321557,1.435084525,0.693147181,0,0,5.21384821,1.386294361,0,0,0
1988,MQUINNA ,153,1,1.5,102,1.984256314,1.582505574,FEW,-1.074957143,0,0,1.223775432,0,0,0,0,0.182321557,1.757857918,0,2.104134154,0,0.336472237,0.182321557,5.550631295,0.470003629,0,0,0
1989,MQUINNA ,211,3,2.068627451,102,1.345339408,1.65913916,FEW,0.136871429,3.761200116,0,2.610069793,0,5.286244785,0,0,0,0.955511445,0,1.435084525,0,0,0,0.182321557,0,0.182321557,0,3.895893623
1990,MQUINNA ,137,0,1.343137255,102,1.010996732,1.647824084,FEW ,0.464885714,3.478158423,0,5.479805243,0,5.916741001,0,0,0,1.386294361,0.182321557,1.098612289,0.182321557,0,0,0,0,0,0,0
1991,MQUINNA ,153,0.6,1.487349536,102,0.601131884,1.487349536,ABSENT,1.441414286,0.693147181,0,5.656690867,0,5.773930235,0.470003629,0.182321557,0,0.875468737,0.470003629,1.335001067,0,0.182321557,0,0,0.182321557,0,0,0
1992,MQUINNA ,134,1.6,1.312692659,102,1.61106247,1.312692659,ABSENT,0.9243,0,1.648658626,5.455321115,0,5.610935924,2.151762203,0,0,1.386294361,0.955511445,1.386294361,0,0.336472237,0,0,0,0,0,0
1988,NO NAME ,201,12,1.010050251,199,2.735546332,0.922080267,FEW,-1.074957143,2.302585093,4.158883083,3.135494216,0.587786665,5.316157285,1.824549292,1.280933845,0,0.78845736,0.78845736,1.974081026,0,0.182321557,0,0,0,0,0.587786665,2.681021529
1989,NO NAME ,329,0,1.653266332,199,2.782761469,1.141081872,ABUNDANT,0.136871429,0,4.607168189,4.225372825,0,5.027820119,0.875468737,2.151762203,0.182321557,0.693147181,1.435084525,1.757857918,1.16315081,0.336472237,0,1.648658626,0,0,0,2.468099531
1990,NO NAME ,288,1,1.447236181,199,3.005097981,1.357550648,ABUNDANT,0.464885714,0,4.437934267,2.923161581,0,4.839451482,0.336472237,2.302585093,0.182321557,1.386294361,0.693147181,1.85629799,1.335001067,0.336472237,0,0,0,0,0,1.098612289
1991,NO NAME ,230,1,1.155778894,199,3.472257189,1.573318777,FEW,1.441414286,0,4.64053733,2.721295428,0,4.667205577,0,2.468099531,0.336472237,0.875468737,1.029619417,1.648658626,0.955511445,0.336472237,0,0.182321557,0,0,0,0
1992,NO NAME ,257,0,1.291457286,199,4.246779665,1.789024255,ABUNDANT,0.9243,0,3.751854253,2.00148,0,4.322807275,0,1.791759469,0,1.335001067,1.223775432,1.974081026,0.78845736,1.029619417,0,0.182321557,0,0,0,0.955511445
1993,NO NAME ,272,1,1.366834171,199,5.266643572,2.002461517,ABUNDANT,0.695885714,0,4.642465971,2.028148247,0,4.317488114,0,0.955511445,0.693147181,0.875468737,0.955511445,1.568615918,0.470003629,0,0,0,0,0,1.568615918,0
1994,NO NAME ,413,3,2.075376884,199,6.414706618,2.211197389,ABUNDANT,0.902828571,0,5.186267863,0.336472237,0,3.908014984,0,1.916922612,0.182321557,0.182321557,1.029619417,1.757857918,0.336472237,0.182321557,0,0,0,0,0,0
1995,NO NAME ,530,7,2.663316583,199,7.57382651,2.412798702,ABUNDANT,-0.3563,0,4.97535348,0.875468737,0,3.394508394,0,0,0,0.182321557,0.587786665,0.955511445,0.182321557,0.336472237,0,0,0,0,0,0.336472237
1996,NO NAME ,576,3,2.894472362,199,9.145809149,2.621290722,ABUNDANT,0.224514286,3.339321978,6.097175002,2.261763098,1.435084525,5.003946306,5.67057034,1.686398954,0.182321557,0.470003629,0.78845736,1.609437912,0.336472237,0,0,0.182321557,0,0,1.223775432,4.003690194
1997,NO NAME ,596,11,2.994974874,199,11.24172064,2.840187018,ABUNDANT,2.371485714,0,4.960043508,1.435084525,0,4.705920089,0,2.890371758,0,0.693147181,1.280933845,1.481604541,0.470003629,0,0,0,0,0,0.470003629,1.648658626
1998,NO NAME ,668,1,3.35678392,199,13.30830902,3.051286876,ABUNDANT,-0.773342857,0.336472237,4.650143552,1.526056303,0.587786665,3.811097087,6.609618749,4.158883083,0.182321557,1.029619417,0.955511445,1.098612289,0.336472237,0.182321557,0,0.182321557,0,0,0.182321557,3.561046083
1999,NO NAME ,714,48,3.587939698,199,14.7923223,3.23638958,ABUNDANT,-0.769557143,0,5.18178355,1.335001067,0,3.77505715,1.824549292,4.80073697,0,1.280933845,1.481604541,2.079441542,0.875468737,0.693147181,0,0.470003629,0,0,0.470003629,2.415913778
2000,NO NAME ,590,14,2.964824121,199,15.61243426,3.379159961,ABUNDANT,-0.294757143,2.415913778,5.365040999,1.757857918,0.875468737,3.471966453,5.073923033,4.225372825,0,0.470003629,1.029619417,1.526056303,0.78845736,0.182321557,0,0.182321557,0,0,0,3.974058396
2001,NO NAME ,663,5,3.331658291,199,16.09879892,3.490904643,ABUNDANT,0.160685714,2.128231706,4.900820428,3.152736022,0,3.310543013,2.879198457,4.723841716,0.182321557,0.470003629,0.78845736,1.280933845,0,0,0,0,0,0,0,2.93385687
2002,NO NAME ,667,13,3.351758794,199,16.31538466,3.594885598,ABUNDANT,0.7845,0.587786665,4.845760651,2.624668592,0,3.387774361,0,3.353406718,0.470003629,0.470003629,1.16315081,1.223775432,0.587786665,0.470003629,0,0,0,0,0,0.587786665
2003,NO NAME ,723,21,3.633165829,199,15.86123732,3.67306976,ABUNDANT,0.392428571,2.797281335,4.957234517,1.686398954,0.336472237,3.407841924,3.883623531,3.242592351,0.336472237,0.182321557,1.481604541,1.526056303,0.693147181,0.336472237,0,0,0,0,0,3.117949906
2004,NO NAME ,740,12,3.718592965,199,14.67775131,3.716838916,ABUNDANT,0.656828571,0,5.002603122,2.302585093,0,3.583518938,0.336472237,3.77505715,0.470003629,1.029619417,1.098612289,1.526056303,0.470003629,0.470003629,0,0,0,0,0,2.240709689
2005,NO NAME ,824,17,4.140703518,199,13.34241783,3.763577324,ABUNDANT,-0.0987,1.16315081,4.815431111,3.161246712,0,3.698829785,4.954417614,2.32238772,0,0.470003629,1.16315081,1.16315081,0.470003629,0.182321557,0,0,0,0,0,2.240709689
2006,NO NAME ,720,12,3.618090452,199,12.4327281,3.850669241,ABUNDANT,0.577185714,0,4.850466542,2.944438979,0,3.117949906,3.226843995,2.975529566,0.336472237,0.693147181,0.955511445,1.098612289,0.336472237,0,0,0.182321557,0,0,0,2.721295428
2007,NO NAME ,949,6,4.768844221,199,11.8579453,3.973392638,ABUNDANT,-0.8802,0,4.470495283,2.341805806,0,3.549617387,2.397895273,2.734367509,0.182321557,1.098612289,1.526056303,2.054123734,0.182321557,0.182321557,0,0.182321557,0.182321557,0,0,0
2008,NO NAME ,882,15,4.432160804,199,11.27474161,4.106569083,ABUNDANT,-0.280185714,2.00148,3.96271612,1.945910149,0,3.401197382,5.883322388,2.197224577,0,0.182321557,0.587786665,1.648658626,0.470003629,0,0,0,0.182321557,0.182321557,0,2.151762203
2009,NO NAME ,530,5,2.663316583,199,10.88172172,4.25689823,ABUNDANT,0.788271429,2.151762203,4.777441407,3.514526067,1.098612289,4.15575319,3.770459441,3.310543013,0.336472237,1.16315081,1.098612289,1.757857918,0.78845736,0.182321557,0,0,0,0,0,5.480638923
2010,NO NAME ,890,22,4.472361809,199,10.87749031,4.431079734,ABUNDANT,-1.3422,4.601162165,4.414009681,0.587786665,0.587786665,5.924790414,4.758749274,2.564949357,0,1.386294361,1.223775432,1.386294361,0.182321557,0,0,0,0,0,0,1.435084525
2011,NO NAME ,909,8,4.567839196,199,11.23455151,4.626800395,ABUNDANT,-0.362271429,0,5.023880521,1.526056303,0,5.541263545,0.336472237,2.624668592,0.693147181,1.335001067,1.335001067,2.128231706,0.336472237,0,0,0.182321557,0,0.336472237,0,1.386294361
2012,NO NAME ,946,7,4.753768844,199,11.80775819,4.83960524,ABUNDANT,0.104157143,0,4.780802755,2.564949357,1.824549292,5.431098478,3.407841924,1.16315081,0.182321557,0.587786665,1.098612289,1.435084525,0,0,0,0,0,0,0,1.648658626
2013,NO NAME ,1152,9,5.788944724,199,12.61923818,5.072981257,ABUNDANT,0.109885714,0,4.682131227,2.747270914,0.470003629,4.689511334,0.693147181,1.609437912,0,0.875468737,0.470003629,1.887069649,0,0,0,0,0,0,0,2.197224577
2014,NO NAME ,1099,16,5.522613065,199,13.69111931,5.330415437,ABUNDANT,0.903371429,1.974081026,4.930148043,2.890371758,0.78845736,4.995860009,2.772588722,0,0.182321557,0.693147181,1.16315081,1.280933845,0.693147181,0,0,0,0,0,0,2.341805806
2015,NO NAME ,1005,14,5.050251256,199,15.03730901,5.613226244,ABUNDANT,1.977171429,0,4.361823927,2.867898902,0.693147181,4.149463861,1.609437912,0.182321557,0,0.182321557,0.875468737,0.78845736,0,0,0,0.182321557,0,0,0,1.945910149
2016,NO NAME ,1156,16,5.809045226,199,16.64731935,5.919172744,ABUNDANT,0.189342857,0,4.729156166,2.197224577,0,4.254193263,0,0,0.336472237,0.470003629,1.280933845,0.955511445,0,0,0.470003629,0.78845736,0,0,0,1.945910149
2017,NO NAME ,1285,21,6.457286432,199,18.50668518,6.246402834,ABUNDANT,-0.273885714,3.374168709,4.927253685,2.104134154,0,4.177459469,0,0.336472237,1.280933845,0.336472237,1.686398954,1.791759469,0,0.336472237,0,0.693147181,0.182321557,0.470003629,0.182321557,1.686398954
1987,TAYLOR,0,0,0,NA,0,0,ABSENT,0.884657143,0.470003629,0,0,0,0,0.693147181,1.435084525,1.609437912,0.470003629,0.587786665,0,0.336472237,0,0.182321557,4.120661871,0,0,0,0.587786665
1988,TAYLOR,0,0,0,NA,0,0,ABSENT,-1.074957143,0.587786665,0,0,0,0,0,1.280933845,1.722766598,0,0.693147181,0,0.587786665,0,0.182321557,4.304065093,0.182321557,0,0,1.916922612
1989,TAYLOR,0,0,0,NA,0,0,ABSENT,0.136871429,1.722766598,0.336472237,0,0,0.693147181,0.587786665,0.693147181,1.85629799,0.182321557,0.470003629,0.470003629,0,0.182321557,0.470003629,4.259859001,0,0,0,0
1990,TAYLOR,0,0,0,NA,0,0,ABSENT,0.464885714,0,0,0,0.182321557,0,0,1.945910149,1.481604541,0,0.182321557,0.587786665,0.182321557,0.336472237,0.693147181,4.519612298,0.336472237,0,0,0
1992,TAYLOR,0,0,0,NA,0,0,ABSENT,0.9243,0,0,0,0.182321557,0,0,2.00148,2.433613355,0.587786665,1.029619417,1.386294361,0.587786665,0,1.029619417,4.100989105,0.693147181,0,0,0.182321557
1993,TAYLOR,0,0,0,NA,0,0,ABSENT,0.695885714,1.85629799,0,0.182321557,0,0.336472237,2.708050201,2.451005098,2.240709689,0.587786665,0.955511445,1.029619417,0.587786665,0.182321557,0.875468737,4.418840608,0,0,0.182321557,1.435084525
1994,TAYLOR,0,0,0,NA,0,0,ABSENT,0.902828571,0,0,0,0,0,0,2.079441542,2.261763098,0.182321557,0.587786665,1.335001067,0.78845736,0.182321557,0.78845736,4.833102254,0.182321557,0,0.470003629,0
1995,TAYLOR,0,0,0,NA,0,0,ABSENT,-0.3563,0,0,0,0,0,0,2.219203484,2.079441542,0.182321557,0.182321557,0.875468737,0.336472237,0.875468737,0.587786665,4.479606963,0,0,0,0
1996,TAYLOR,0,0,0,NA,0,0,ABSENT,0.224514286,0.336472237,0,0,0,0,1.335001067,2.468099531,2.451005098,0.587786665,0.470003629,1.386294361,0.587786665,0.693147181,1.280933845,4.775756487,0,0,0.955511445,0
1997,TAYLOR,0,0,0,NA,0,0,ABSENT,2.371485714,0.78845736,0,0.470003629,0,0,0.587786665,2.379546134,1.722766598,0.336472237,1.481604541,1.280933845,0.955511445,0.587786665,1.481604541,4.574710979,0,0,0,0
1998,TAYLOR,0,0,0,NA,0,0,ABSENT,-0.773342857,0,0,0,0,0,0,3.117949906,2.564949357,0.955511445,0.955511445,0.955511445,0.875468737,0.78845736,0.693147181,4.680277658,0,0,0,0
1999,TAYLOR,0,0,0,NA,0,0,ABSENT,-0.769557143,0,0,0,0,0,1.280933845,1.648658626,2.785011242,0.693147181,0.955511445,0.182321557,0.587786665,0.78845736,0.955511445,4.670957927,0,0,0,0.336472237
2000,TAYLOR,0,0,0,NA,0,0,ABSENT,-0.294757143,0,0,0,0,0,0,2.667228207,2.397895273,0.693147181,0.78845736,0.78845736,1.098612289,0.78845736,1.223775432,4.442651256,0,0,0,0
2001,TAYLOR,0,0,0,NA,0,0,ABSENT,0.160685714,0.336472237,0,0,0,0,0,3.33220451,2.282382386,0.182321557,1.098612289,0.955511445,0.693147181,0.182321557,0.955511445,4.576770711,0,0,0.336472237,0
2002,TAYLOR,0,0,0,NA,0,0,ABSENT,0.7845,0,0,0,0,0,0,2.93385687,2.00148,0.875468737,1.029619417,0.78845736,0.955511445,0.470003629,1.280933845,4.477336814,0,0,0,0
2003,TAYLOR,0,0,0,NA,0,0,ABSENT,0.392428571,0,0,0,0,0,0,3.303216973,2.219203484,1.335001067,1.098612289,0.875468737,0.587786665,0.336472237,0.875468737,4.574710979,0.182321557,0,0,0
2004,TAYLOR,0,0,0,NA,0,0,ABSENT,0.656828571,0,0,0,0,0,0,2.890371758,2.63905733,1.386294361,1.098612289,0.587786665,0.955511445,0.470003629,0.470003629,4.519612298,0,0,0,0
2005,TAYLOR,0,0,0,NA,0,0,ABSENT,-0.0987,0,0,0,0,0,0,3.353406718,2.174751721,1.029619417,0.470003629,0.587786665,0.693147181,0,0.336472237,4.168214411,0,0,0,0
2006,TAYLOR,0,0,0,NA,0,0,ABSENT,0.577185714,0,0,0,0,0,0.78845736,2.341805806,1.223775432,0.587786665,0.470003629,0.875468737,0.336472237,0.182321557,0.78845736,4.593097605,0,0,0,0
2007,TAYLOR,0,0,0,NA,0,0,ABSENT,-0.8802,0,0,0,0,0,0,2.944438979,2.104134154,0.336472237,0.470003629,0.587786665,0.336472237,0,0.470003629,4.401829262,0,0,0,0
2008,TAYLOR,0,0,0,NA,0,0,ABSENT,-0.280185714,3.08190997,0,0.182321557,0.470003629,0,5.109575242,2.151762203,1.280933845,1.280933845,0.182321557,0.587786665,0.955511445,0,0.336472237,4.49980967,0,0,0,1.029619417
2009,TAYLOR,0,0,0,NA,0,0,ABSENT,0.788271429,0,0,0,0,0,0,2.174751721,2.302585093,0.587786665,0.78845736,0.875468737,0.875468737,0.336472237,0.875468737,4.442651256,0.182321557,0,0,0.336472237
2010,TAYLOR,0,0,0,NA,0,0,ABSENT,-1.3422,0,0,0,0,0,0,2.104134154,2.128231706,1.526056303,0.78845736,0.955511445,0.693147181,0.875468737,4.257030144,4.257030144,0,0,0,0
2011,TAYLOR,0,0,0,NA,0,0,ABSENT,-0.362271429,1.526056303,0,0,0,0,0.955511445,1.223775432,3.42751469,0.693147181,1.648658626,1.386294361,0.955511445,0.336472237,0.182321557,4.729156166,0,0,0,0.182321557
2012,TAYLOR,0,0,0,NA,0,0,ABSENT,0.104157143,1.974081026,0,0,0,0,3.126760536,1.609437912,3.100092289,1.280933845,1.280933845,1.098612289,0.693147181,0.182321557,0.875468737,4.69501089,0,0,0,0
2013,TAYLOR,0,0,0,NA,0,0,ABSENT,0.109885714,0,0,0,0,0,0,1.029619417,3.109060959,0.587786665,0.587786665,0.78845736,0.875468737,0,0.693147181,4.414009681,0.182321557,0,0,0
2014,TAYLOR,0,0,0,NA,0,0,ABSENT,0.903371429,0,0,0,0,0,0.182321557,0.955511445,3.280911216,0,0.587786665,0.470003629,0.182321557,0,0.336472237,4.165113633,0.470003629,0,0,0
2015,TAYLOR,0,0,0,NA,0,0,ABSENT,1.977171429,0,0,0,0,0,0,0.587786665,3.27336401,0,0.693147181,0.875468737,0,0.182321557,1.098612289,4.262679877,0.693147181,0.587786665,0,0
2016,TAYLOR,0,0,0,NA,0,0,ABSENT,0.189342857,0,0,0,0,0,0,0.955511445,3.126760536,0,0.693147181,0.875468737,0.587786665,0.182321557,0.875468737,4.414009681,0.470003629,0.955511445,0,0
2017,TAYLOR,0,0,0,NA,0,0,ABSENT,-0.273885714,0,0,0,0,0,0,1.029619417,1.686398954,0,1.435084525,0.587786665,0.470003629,0.182321557,1.098612289,4.34120464,0.78845736,1.223775432,0.336472237,0
1988,UNION,0,0,0,40.9,6.623499875,0,ABSENT,-1.074957143,0,0,0,0,0,0.875468737,3.054001182,0.875468737,0.587786665,0,1.280933845,0.470003629,0,0.587786665,4.711330382,0.470003629,0,0,0
1989,UNION,25,1,0.611246944,40.9,5.625019971,0.753034197,FEW,0.136871429,1.648658626,0.470003629,0.182321557,1.098612289,0,2.00148,3.317815773,0.336472237,0.336472237,0,0.78845736,0.78845736,0,0.78845736,4.972587226,0.336472237,0,0.693147181,0.336472237
1990,UNION,173,24,4.229828851,40.9,4.698601824,1.899440806,FEW,0.464885714,5.076423035,0.78845736,3.496507561,2.433613355,2.595254707,3.703768067,1.686398954,0.182321557,0.336472237,0,0.693147181,0.336472237,0,0,0.470003629,0,0,0,2.890371758
1991,UNION,50,3,1.222493888,40.9,3.839815631,2.975641812,FEW,1.441414286,4.177459469,2.174751721,3.502549876,0,3.985273467,3.728100167,2.797281335,0.587786665,0.182321557,0,0.875468737,0.587786665,0,0,0.875468737,0,0,0,2.734367509
1992,UNION,74,1,1.809290954,40.9,3.040203663,3.977125171,FEW,0.9243,1.85629799,2.379546134,3.310543013,0,4.287715955,2.240709689,1.791759469,0.587786665,0.182321557,0,0.470003629,0.336472237,0,0.182321557,0.875468737,0.182321557,0,0,1.335001067
1993,UNION,91,0,2.224938875,40.9,2.301409374,4.901303816,FEW,0.695885714,0.955511445,3.109060959,3.484312288,0,4.458987676,0.182321557,1.098612289,0.955511445,0,0,0.875468737,0.470003629,0,0,0,0,0.336472237,0.182321557,1.029619417
1994,UNION,397,0,9.706601467,40.9,1.634154732,5.751311273,ABUNDANT,0.902828571,1.029619417,3.526360525,2.624668592,0,3.862832761,3.202746443,1.526056303,0.336472237,0.182321557,0,0.470003629,0,0,0.336472237,0.182321557,0.182321557,0,0,0.470003629
1995,UNION,240,0,5.86797066,40.9,1.049161709,6.530281067,FEW,-0.3563,1.945910149,3.985273467,3.144152279,0.470003629,3.465735903,1.791759469,0.470003629,0.182321557,0.693147181,0,0.693147181,0.336472237,0,0,0.470003629,0.182321557,0,0,1.85629799
1996,UNION,255,0,6.234718826,40.9,0.543296709,7.189706928,ABUNDANT,0.224514286,1.029619417,3.658420247,2.610069793,0,4.346399457,2.00148,0,0,0.587786665,0,0.470003629,0.336472237,0,0,0.182321557,0,0,0,2.151762203
1997,UNION,361,0,8.826405868,40.9,0.125712398,7.724417817,ABUNDANT,2.371485714,0,4.158883083,1.568615918,0,4.338597077,0,0,0,0.875468737,0,1.16315081,0,0.336472237,0,0.587786665,0,0,0,0.693147181
1998,UNION,388,0,9.486552567,40.9,0,8.202550107,ABUNDANT,-0.773342857,0.693147181,2.995732274,1.335001067,0,4.216562195,2.240709689,1.85629799,0,0.182321557,0.587786665,0.587786665,0.182321557,0,0,0.587786665,0.182321557,0,0.336472237,1.526056303
1999,UNION,426,0,10.41564792,40.9,0,8.69224017,ABUNDANT,-0.769557143,0.182321557,4.382026635,0.693147181,0,4.146304301,2.63905733,3.126760536,0,1.223775432,0.182321557,1.974081026,0.587786665,0,0,1.098612289,0,0,0.78845736,2.00148
2000,UNION,391,0,9.5599022,40.9,0,9.129124193,ABUNDANT,-0.294757143,2.48490665,3.17805383,1.648658626,0,4.025351691,0.470003629,3.353406718,0,0.955511445,0.182321557,1.648658626,0.587786665,0,0,0.182321557,0.182321557,0.182321557,0,0.875468737
2001,UNION,372,0,9.095354523,40.9,0,9.484432087,ABUNDANT,0.160685714,0,3.770459441,0.955511445,0,3.784189634,0,3.063390922,0,0.875468737,0.470003629,1.386294361,0.470003629,0,0.182321557,0,0,0,0,0
2002,UNION,417,1,10.19559902,40.9,0.177191038,9.879690802,ABUNDANT,0.7845,2.58021683,3.490428515,0.955511445,0,4.018183201,0.336472237,3.555348061,0.182321557,0.470003629,0,1.029619417,0.693147181,0,0,0.336472237,0,0,0,0.182321557
2003,UNION,293,0,7.163814181,40.9,0.48776313,10.3564953,ABUNDANT,0.392428571,0.955511445,4.110873864,1.098612289,0,3.784189634,0.182321557,2.833213344,0.336472237,0.78845736,0.693147181,0.693147181,0.336472237,0,0,0.587786665,0.182321557,0,0,0.875468737
2004,UNION,296,2,7.237163814,40.9,0.940506385,10.85125406,ABUNDANT,0.656828571,1.029619417,4.127134385,2.028148247,0,3.788724789,2.174751721,2.681021529,0.182321557,0.470003629,0.336472237,0.955511445,0.875468737,0.182321557,0,0,0.182321557,0,0,0.955511445
2005,UNION,264,0,6.454767726,40.9,1.395660819,11.32771426,ABUNDANT,-0.0987,0.182321557,4.084294226,2.694627181,0,3.325036021,2.501435952,1.686398954,0,0.587786665,0.336472237,1.335001067,0.336472237,0,0,0,0.336472237,0,0,0
2006,UNION,900,0,22.00488998,40.9,1.713466448,11.74962312,ABUNDANT,0.577185714,0.78845736,3.867025639,0.336472237,0,3.407841924,2.261763098,2.549445171,0.182321557,0.336472237,0,1.526056303,0.693147181,0,0,0,0.470003629,0.470003629,0,0.955511445
2007,UNION,566,0,13.83863081,40.9,1.917275438,12.08460475,ABUNDANT,-0.8802,0,3.5085559,0.78845736,0,3.044522438,2.341805806,1.945910149,0.182321557,1.098612289,0.336472237,0.875468737,0.955511445,0,0,0.182321557,0.182321557,0.182321557,0,0.693147181
2008,UNION,701,1,17.1393643,40.9,2.094635388,12.3743202,ABUNDANT,-0.280185714,0.955511445,2.93385687,0,0,2.923161581,2.975529566,1.686398954,0,0.182321557,0,0.336472237,0,0,0,0,0,0,0,1.029619417
2009,UNION,265,12,6.479217604,40.9,2.202079464,12.69357212,ABUNDANT,0.788271429,1.686398954,3.668676747,1.686398954,0.693147181,2.867898902,2.261763098,1.85629799,0,0.336472237,0.78845736,1.029619417,0.955511445,0,0,0,0,0,0,1.386294361
2010,UNION,539,0,13.17848411,40.9,2.196140832,13.1171631,ABUNDANT,-1.3422,1.887069649,2.833213344,0.78845736,0,2.564949357,2.681021529,0.470003629,0,0.875468737,0,1.16315081,0.336472237,0,0,0,0,0,0,0.470003629
2011,UNION,515,1,12.59168704,40.9,2.089930661,13.62565308,ABUNDANT,-0.362271429,0.182321557,4.836281907,0.78845736,0,2.128231706,0,0.336472237,0,1.029619417,0,1.029619417,0.955511445,0.182321557,0,0.182321557,0.182321557,0.470003629,0,0
2012,UNION,507,2,12.39608802,40.9,1.917243146,14.16431211,ABUNDANT,0.104157143,0.587786665,4.593097605,0,0,1.974081026,1.098612289,0,0,0.875468737,0,0.587786665,0.587786665,0,0,0,0,0,0,0.182321557
2013,UNION,563,2,13.76528117,40.9,1.665635999,14.75500807,ABUNDANT,0.109885714,0,4.42604352,0.470003629,0,1.791759469,0.182321557,0,0,0.470003629,0,0.78845736,0,0,0,0,0,0.182321557,0,0.182321557
2014,UNION,621,0,15.18337408,40.9,1.32266693,15.41960882,ABUNDANT,0.903371429,0,4.228292535,0,0,1.974081026,1.916922612,0,0,0.336472237,0,1.029619417,0,0,0,0.182321557,0,0,0,0
2015,UNION,605,0,14.79217604,40.9,0.883543116,16.17346684,ABUNDANT,1.977171429,0.587786665,4.396915247,0.693147181,0,1.386294361,0,0,0,0,0.587786665,1.098612289,0,0,0,0.336472237,0,0,0,0.336472237
2016,UNION,658,0,16.08801956,40.9,0.356015013,17.0072721,ABUNDANT,0.189342857,1.481604541,3.668676747,0.336472237,0,1.16315081,0.78845736,0.336472237,0,0,0.693147181,0.875468737,0,0,0,0.587786665,0,0.182321557,0.336472237,0.336472237
2017,UNION,862,1,21.07579462,40.9,1,17.90589872,ABUNDANT,-0.273885714,0,4.693181063,0.693147181,0,1.029619417,0,0.182321557,0.587786665,0.182321557,1.098612289,1.435084525,0.693147181,0,0,1.945910149,0.182321557,0.78845736,0,0
1987,WIZARD,0,0,0,NA,0,0,ABSENT,0.884657143,0,1.223775432,0.955511445,0.78845736,1.386294361,0,1.686398954,0.182321557,0.470003629,0.336472237,0.693147181,0.182321557,0,1.435084525,4.69501089,0,0.336472237,0,0.587786665
1988,WIZARD,0,0,0,NA,0,0,ABSENT,-1.074957143,0.587786665,0,0,0,1.280933845,0,2.533696814,0.336472237,0.336472237,0.587786665,0,0.587786665,0.182321557,1.386294361,4.82350218,0.182321557,0,0,0.336472237
1989,WIZARD,0,0,0,NA,0,0,ABSENT,0.136871429,2.054123734,2.501435952,0,1.435084525,0.78845736,0.336472237,2.954910279,0.336472237,0.693147181,0.693147181,1.280933845,0.587786665,0,2.079441542,4.689511334,0.182321557,0,0.587786665,2.054123734
1990,WIZARD,0,0,0,NA,0,0,ABSENT,0.464885714,0,2.533696814,1.435084525,0,2.302585093,0,3.471966453,1.029619417,1.223775432,1.887069649,1.335001067,0.470003629,1.16315081,1.945910149,4.810557016,0,0.182321557,0,2.197224577
1991,WIZARD,0,0,0,NA,0,0,ABSENT,1.441414286,0,2.174751721,1.335001067,0,3.169685581,0,2.985681938,0.78845736,0.955511445,0.587786665,1.386294361,0.693147181,0,2.282382386,4.589040804,0.587786665,0.336472237,0,0.78845736
1992,WIZARD,0,0,0,NA,0,0,ABSENT,0.9243,0.78845736,2.128231706,0.693147181,0.336472237,1.945910149,0,3.27336401,1.098612289,0.875468737,1.435084525,1.280933845,0.78845736,0.182321557,2.48490665,4.779123493,3.126760536,0.182321557,0,0.875468737
1993,WIZARD,0,0,0,NA,0,0,ABSENT,0.695885714,0,2.128231706,0.875468737,0,2.240709689,0,3.280911216,1.526056303,0.693147181,0.693147181,1.098612289,0.182321557,0.336472237,2.610069793,4.805659047,1.16315081,0,0,0.693147181
1994,WIZARD,0,0,0,NA,0,0,ABSENT,0.902828571,1.757857918,2.708050201,1.098612289,0.78845736,2.76000994,2.341805806,2.856470206,0.470003629,0.587786665,0.78845736,1.335001067,0.182321557,0.182321557,2.219203484,5.05751888,0,0,0.336472237,0.587786665
1995,WIZARD,0,0,0,NA,0,0,ABSENT,-0.3563,0,2.240709689,1.098612289,0,3.08190997,0.182321557,2.48490665,0.955511445,0.470003629,0.336472237,0.470003629,0.336472237,0.182321557,2.341805806,5.033048889,0,0,0,0
1996,WIZARD,0,0,0,NA,0,0,ABSENT,0.224514286,0,2.48490665,0.336472237,1.029619417,2.772588722,0.693147181,3.919991175,0.875468737,0.587786665,0.78845736,1.481604541,0.470003629,0.182321557,2.624668592,5.200704538,0,0.182321557,0,0.336472237
1997,WIZARD,0,0,0,NA,0,0,ABSENT,2.371485714,0,3.891820298,0,1.481604541,2.985681938,0,3.765840495,0.955511445,0.182321557,0.955511445,1.386294361,0.182321557,0.336472237,2.653241965,5.225746674,0,0,0,0.182321557
1998,WIZARD,0,0,0,NA,0,0,ABSENT,-0.773342857,0,0,0.587786665,0,0.182321557,0,4.48187197,0.587786665,0.955511445,0.336472237,0.78845736,0.182321557,0.182321557,2.48490665,5.062595033,0,0,0,0
1999,WIZARD,0,0,0,NA,0,0,ABSENT,-0.769557143,0,1.887069649,1.223775432,0.470003629,2.564949357,0.182321557,4.885827644,0.78845736,0.693147181,0.955511445,0.587786665,0.78845736,0.182321557,2.397895273,5.122772794,0,0,0,1.029619417
2000,WIZARD,0,0,0,NA,0,0,ABSENT,-0.294757143,0,2.282382386,0,0.78845736,1.887069649,0,5.003946306,0.587786665,0.470003629,0.587786665,0.587786665,0.336472237,0,1.280933845,5.073923033,0,0,0,0.182321557
2001,WIZARD,0,0,0,NA,0,0,ABSENT,0.160685714,0,1.098612289,0,0,1.386294361,0,4.774068722,0.587786665,0.955511445,1.824549292,1.280933845,1.16315081,0.875468737,2.128231706,5.093750201,1.280933845,0.182321557,0.875468737,0
2002,WIZARD,0,0,0,NA,0,0,ABSENT,0.7845,0,2.564949357,0,0.182321557,2.468099531,0,4.891851758,0.336472237,1.386294361,0.955511445,0.470003629,1.029619417,0.336472237,1.916922612,4.934473933,0,0,0,0.78845736
2003,WIZARD,0,0,0,NA,0,0,ABSENT,0.392428571,0,2.785011242,0.470003629,0.336472237,1.945910149,0,4.955827058,0.78845736,1.526056303,0.955511445,0.587786665,0.955511445,0.336472237,2.219203484,5.092522454,0.182321557,0,0,0
2004,WIZARD,0,0,0,NA,0,0,ABSENT,0.656828571,0,2.48490665,0,0,1.435084525,0.693147181,4.879767019,1.029619417,1.722766598,1.098612289,0.78845736,0.875468737,0.182321557,1.223775432,4.879767019,1.568615918,0,0,0.587786665
2005,WIZARD,0,0,0,NA,0,0,ABSENT,-0.0987,0,2.844909384,0.336472237,0.587786665,2.054123734,0.182321557,4.333361463,0.78845736,1.223775432,1.335001067,0.336472237,0.336472237,0.182321557,1.757857918,4.891851758,0.587786665,0.182321557,0,1.568615918
2006,WIZARD,0,0,0,NA,0,0,ABSENT,0.577185714,0,2.985681938,0.336472237,0.78845736,2.595254707,1.722766598,3.951243719,1.223775432,1.526056303,1.435084525,0.587786665,0.470003629,0.182321557,2.104134154,5.058790336,0,0.182321557,0,0.955511445
2007,WIZARD,0,0,0,NA,0,0,ABSENT,-0.8802,0,1.945910149,0,2.104134154,2.360854001,0,3.572345638,1.16315081,1.098612289,0.955511445,0.587786665,1.223775432,0.182321557,1.945910149,4.899331225,0,0,0,0
2008,WIZARD,0,0,0,NA,0,0,ABSENT,-0.280185714,0.955511445,2.282382386,2.054123734,3.387774361,1.757857918,2.667228207,3.421000009,0.693147181,0.78845736,1.098612289,0.336472237,1.280933845,0.336472237,1.609437912,5.117993812,0,0,0,0.78845736
2009,WIZARD,0,0,0,NA,0,0,ABSENT,0.788271429,0,3.063390922,1.481604541,0.336472237,2.128231706,0,2.517696473,0.470003629,1.280933845,1.223775432,0.587786665,0.78845736,0,2.028148247,5.17840707,0.336472237,0,0,0.470003629
2010,WIZARD,0,0,0,NA,0,0,ABSENT,-1.3422,0,2.360854001,1.435084525,1.974081026,2.219203484,0.182321557,2.151762203,0.78845736,1.435084525,2.104134154,1.335001067,0.587786665,0.182321557,2.219203484,5.094976443,0,0,0,2.397895273
2011,WIZARD,0,0,0,NA,0,0,ABSENT,-0.362271429,0,2.501435952,0,0.182321557,2.76000994,0,2.261763098,0.78845736,1.791759469,2.151762203,1.568615918,0.693147181,0,2.261763098,5.076423035,0.78845736,0,0,0.336472237
2012,WIZARD,0,0,0,NA,0,0,ABSENT,0.104157143,0,3.194583132,1.16315081,0.182321557,2.468099531,0.182321557,2.219203484,1.16315081,0.955511445,0.955511445,1.029619417,0.336472237,0,2.079441542,5.001258132,1.435084525,0,0,0
2013,WIZARD,0,0,0,NA,0,0,ABSENT,0.109885714,0,0,1.481604541,0,0.78845736,0,1.609437912,1.481604541,0.78845736,0.875468737,1.435084525,0.693147181,0.336472237,1.568615918,4.96144505,2.533696814,0.336472237,0,0.182321557
2014,WIZARD,0,0,0,NA,0,0,ABSENT,0.903371429,0,0,0,0,0,0,1.386294361,1.481604541,0,1.386294361,1.029619417,0.955511445,0,1.609437912,4.97397131,1.791759469,0.336472237,0,0
2015,WIZARD,0,0,0,NA,0,0,ABSENT,1.977171429,0,2.128231706,0,0.182321557,0.78845736,0,1.435084525,2.151762203,0,1.386294361,1.435084525,0.587786665,0,1.85629799,4.96284463,2.219203484,0.587786665,0,0.336472237
2016,WIZARD,0,0,0,NA,0,0,ABSENT,0.189342857,0,1.335001067,0,0.182321557,0.336472237,0.875468737,1.029619417,2.151762203,0,1.335001067,0.587786665,1.435084525,0,2.32238772,5.351858133,2.32238772,0.470003629,0,0.182321557
2017,WIZARD,0,0,0,NA,0,0,ABSENT,-0.273885714,0,0,0,0,0,0,1.280933845,2.028148247,0,1.916922612,1.223775432,1.757857918,0.336472237,2.397895273,5.438948496,2.00148,0.955511445,0,0