year,season,period,station,UsableArea,otters_2km_density,otters_2km,otter_AOS,otters2km_smooth,ottersAOS_smooth,otterlevel,ENSO,macrocystis,understory_kelp,brownalgae,cystoseira,strongylo_franciscanus,strongylo_purpuratus,patiria,otherstars,pisaster,pycnopodia,bivalve,megastraea,kelletia,megathura,anemone,othercucum,parastichopus
1980,fall,1,1,9.8,0,0,0,0,0,ABSENT,0.455333333,1.481604541,3.25980448,0,2.360854001,1.568615918,4.301358732,1.824549292,0.470003629,1.686398954,0,0,1.791759469,0,0,0.245122458,0,2.240709689
1981,fall,3,1,9.8,0,0,0,0,0,ABSENT,0.017,2.76000994,3.937690752,0,3.756538103,1.386294361,3.632309103,0.182321557,0,0.78845736,0,0,1.386294361,0,0.182321557,0,0,2.302585093
1982,fall,5,1,9.8,0,0,0,0,0,ABSENT,1.738,2.302585093,3.795489189,0,4.366912997,1.916922612,4.192680463,0.182321557,0,0.336472237,0,0,2.054123734,0,0.470003629,0.405465108,0,1.481604541
1983,fall,7,1,9.8,0,0,0,0,0,ABSENT,1.146,3.446807893,3.747148362,1.213007566,4.497584975,1.916922612,3.974058396,0.336472237,0,0,0,0,2.128231706,0,0.336472237,0,0,1.945910149
1984,fall,9,1,9.8,0,0,0,0,0,ABSENT,-0.114666667,2.341805806,3.360375387,0.709563939,4.298645026,1.824549292,3.698829785,0,0,0,0,0,2.844909384,0,0,0,0.709563939,1.526056303
1985,fall,11,1,9.8,0,0,0,0,0,ABSENT,-0.345333333,1.568615918,3.363841595,0,4.15575319,2.054123734,5.054971108,0,0,0,0,0,3.210843653,0,0.470003629,0.405465108,2.816516347,2.76000994
1986,fall,13,1,9.8,0,0,0,0,0,ABSENT,0.748666667,2.975529566,4.200204953,0,3.867025639,1.945910149,5.111987788,0,0,0.182321557,0,0,3.401197382,0,0,0,0.709563939,1.722766598
1987,fall,15,1,9.8,0,0,0,0,0,ABSENT,1.917333333,2.379546134,4.010962953,0,4.192680463,1.280933845,5.378052335,0,0,0.182321557,0,0,3.883623531,0,0.336472237,0,0,2.079441542
1988,fall,17,1,9.8,0,0,0,0,0,ABSENT,-1.318,1.824549292,4.289088639,0,3.17805383,2.054123734,5.57519124,0,0,0.875468737,0,0,4.010962953,0,0,0,0,1.722766598
1989,fall,19,1,9.8,0,0,0,0,0,ABSENT,-0.422333333,1.526056303,4.384523515,0,4.366912997,2.32238772,6.343528878,0,0,0.955511445,0,0,3.583518938,0,0.693147181,0.405465108,1.603508781,1.974081026
1990,fall,21,1,9.8,0,0,0,0,0,ABSENT,0.209666667,0,3.490428515,0,3.708682081,2.833213344,6.511150799,0,0,1.223775432,0,0,3.520460802,0,0.182321557,0,0.709563939,1.686398954
1991,fall,23,1,9.8,0,0,0,0,0,ABSENT,0.935666667,0,2.32238772,0,1.435084525,2.32238772,6.577583155,0.182321557,0,1.481604541,0,0,2.694627181,0,0,0,0,1.974081026
1992,fall,25,1,9.8,0,0,0,0,0,ABSENT,0.695,0.182321557,1.974081026,0,0.182321557,1.481604541,6.532625371,0,0,0.470003629,0,0,2.360854001,0,0,0,0.709563939,2.360854001
1993,fall,27,1,9.8,0,0,0,0,0,ABSENT,1.068,0.470003629,3.975936331,0.709563939,4.025351691,1.029619417,6.64898455,0,0,0.182321557,0,0,3.025291076,0,0.336472237,0,1.213007566,2.624668592
1994,fall,29,1,9.8,0,0,0,0,0,ABSENT,0.853666667,0,1.335001067,0,3.765840495,2.468099531,6.578139483,0.336472237,0,0.693147181,0,0,3.325036021,0,0.182321557,0,0,2.809402695
1995,fall,31,1,9.8,0.204081633,2,4.866803768,1.503633281,2.447188723,FEW,-0.120666667,0,0,0,2.549445171,2.151762203,6.285625586,0,0,1.098612289,0,0,3.594568775,0,0.336472237,0,2.192335195,2.240709689
1996,fall,33,1,9.8,0.612244898,6,5.786232316,1.641440823,2.757674657,FEW,-0.338333333,0,0,0,0.587786665,0.470003629,6.282640509,0,0.182321557,0.875468737,0,0,4.010962953,0,0,0,2.192335195,0.182321557
1997,fall,35,1,9.8,0.204081633,2,5.634950617,1.744389278,3.053284702,FEW,2.963,0,0,0,0,1.648658626,6.1119107,0.693147181,0,0.78845736,0,0,3.879499814,0,0.587786665,0,1.213007566,1.386294361
1998,fall,37,1,9.8,0.204081633,2,3.742965869,1.781167077,3.316508028,FEW,-0.194666667,1.16315081,0.336472237,0.709563939,1.335001067,0.587786665,5.322033893,0,0,0.587786665,0,0,3.091042453,0,0.336472237,0,1.922571505,1.85629799
1999,fall,39,1,9.8,0.204081633,2,3.304199166,1.706225502,3.50919903,FEW,-0.735,0.587786665,1.62924054,0.709563939,2.667228207,2.549445171,5.83305481,0.182321557,0,0.78845736,0,0,4.17438727,0,0.182321557,0,0,1.526056303
2000,fall,41,1,9.8,0.102040816,1,1.95081289,1.531212448,3.630645109,FEW,-0.185333333,0,0,0.709563939,0.182321557,1.609437912,6.516193076,0,0,0,0,0.709563939,3.186352633,0,0,0,0,1.916922612
2001,fall,43,1,9.8,0,0,2.760780753,1.31061127,3.719484953,FEW,0.147666667,0,0.182321557,0,0,0.470003629,6.394259427,0.182321557,3.044522438,1.526056303,0,0,3.761200116,0,0,0,0,0.693147181
2002,fall,45,1,9.8,0.204081633,2,4.334479365,1.09890532,3.814357252,FEW,0.87,0,0.587786665,0,0.182321557,0.182321557,6.353674147,1.029619417,3.749504076,1.887069649,0,0,0.875468737,0,0,0,0,0.587786665
2003,fall,47,1,9.8,0,0,2.389457005,0.950577953,3.953900693,FEW,0.312333333,2.595254707,3.673765816,0.709563939,3.811097087,0.336472237,5.413430174,0.587786665,1.252762968,2.174751721,0,0,0.470003629,0,0,0.693147181,0,1.029619417
2004,fall,49,1,9.8,0.102040816,1,2.553996403,0.779665207,4.07022498,FEW,0.58,2.00148,3.852273001,0,5.131081447,1.824549292,6.155706991,0.182321557,0,2.501435952,0,0.709563939,0,0,0,0,1.603508781,0.182321557
2005,fall,51,1,9.8,0,0,4.292157084,0.535836525,4.129249707,FEW,0.385666667,2.21557372,4.350277936,1.213007566,4.013375499,1.299282993,6.062621741,0.980829266,0,0.693147181,1.343734738,0,1.299282993,0,0,0,0,0.847297846
2006,fall,53,1,9.8,0,0,5.858206279,0.327025363,4.220328396,FEW,0.757666667,1.887069649,3.380994674,0,3.310543013,2.128231706,6.074886155,0.336472237,0,1.722766598,0,0,0,0,0,0.405465108,1.213007566,0.693147181
2007,fall,55,1,9.8,0,0,6.895467584,0.261165178,4.432814569,FEW,-0.636666667,0.470003629,2.708050201,2.983309161,3.295836866,2.151762203,6.329364336,0.182321557,0,0.336472237,0,0.709563939,0.470003629,0,0,0,0.709563939,0.875468737
2008,fall,57,1,9.8,0,0,2.562989873,0.321054943,4.754944026,FEW,-0.254333333,0.587786665,3.502549876,1.603508781,3.325036021,2.240709689,6.609349243,0.336472237,0,0.470003629,0,0,0.182321557,0,0.955511445,0,1.603508781,0
2010,fall,61,1,9.8,0.408163265,4,7.871337135,0.589495343,5.537902272,FEW,-1.569,2.219203484,3.484312288,0,2.610069793,1.568615918,6.480964384,0.693147181,0.470003629,1.481604541,0.182321557,0,0.470003629,0,0,0,0,0.182321557
2011,fall,63,1,9.8,0,0,5.398485461,0.823966651,6.014577145,FEW,-0.505333333,1.609437912,4.15261347,0,2.93385687,1.945910149,6.413131035,0.78845736,0.470003629,1.335001067,0,0,1.029619417,0,0,0.405465108,0.709563939,0.182321557
2012,fall,65,1,9.8,0,0,5.753781274,1.14255248,6.558613242,FEW,0.685333333,1.029619417,3.514526067,0.709563939,3.303216973,2.397895273,6.600686493,1.029619417,0,1.029619417,0.336472237,0,0.470003629,0,0.182321557,0.405465108,1.213007566,0.182321557
2013,fall,67,1,9.8,0,0,5.958435311,1.558213167,7.177933605,FEW,-0.322666667,0,2.965273066,0,2.879198457,2.468099531,5.999432717,1.029619417,0.336472237,1.722766598,0.336472237,0.709563939,0.78845736,0,0.182321557,0,0.709563939,0.78845736
2014,fall,69,1,9.8,0,0,5.020971431,2.070935076,7.872161055,FEW,0.807,1.335001067,2.76000994,2.632135444,3.871201011,2.302585093,6.457083578,0.470003629,0.182321557,0,0,0,1.098612289,0.182321557,0.182321557,0.182321557,0,0
2015,fall,70,1,9.8,0,0,7.942462895,2.668595255,8.633670535,FEW,0.503333333,0.875468737,2.821378886,7.028670286,3.401197382,2.772588722,6.402248817,0.336472237,0.470003629,0.182321557,0,0,1.223775432,0,0.182321557,1.435084525,0.709563939,0.875468737
2016,fall,72,1,9.8,0,0,6.672939027,3.345990066,9.459513264,FEW,2.126666667,1.887069649,2.302585093,8.901131758,4.839451482,1.16315081,2.93385687,0.182321557,0.182321557,0,0,0,2.468099531,0.182321557,0,0.182321557,0,0.587786665
2017,fall,74,1,9.8,1.12244898,11,15.5790527,4.097915873,10.34674046,ABUNDANT,-0.063666667,2.054123734,3.342861805,8.329311444,4.517431272,1.098612289,4.046553898,0,0,0,0,1.123244301,2.954910279,0.78845736,0,0,0,0
1980,fall,1,2,7.03,0,0,0,0,0,ABSENT,0.455333333,1.280933845,0.587786665,0,0,5.194067345,4.82350218,3.756538103,0,1.887069649,0,0,0,0,0.875468737,0.245122458,0.428964302,1.568615918
1981,fall,3,2,7.03,0,0,0,0,0,ABSENT,0.017,2.708050201,2.944438979,0.709563939,4.192680463,5.027820119,4.168214411,3.854393893,0,1.481604541,0,0,0,0,0.336472237,0,0,0.587786665
1982,fall,5,2,7.03,0,0,0,0,0,ABSENT,1.738,2.734367509,3.546739687,0,4.328098293,4.965637928,4.638604962,2.747270914,0.182321557,1.757857918,0,0,0,0,0.470003629,0,0,0.182321557
1983,fall,7,2,7.03,0,0,0,0,0,ABSENT,1.146,1.945910149,3.873282177,0,4.574710979,4.718498871,4.967031657,0.78845736,0,1.887069649,0,0,0,0,0.336472237,0,0,0.336472237
1984,fall,9,2,7.03,0,0,0,0,0,ABSENT,-0.114666667,2.00148,2.970414466,2.983309161,5.27709373,4.802380355,5.022563865,0.470003629,0,0.182321557,0,0,0.78845736,0,1.223775432,0,0,1.791759469
1985,fall,11,2,7.03,0,0,0,0,0,ABSENT,-0.345333333,1.435084525,2.415913778,0,4.813809051,4.42604352,5.748118288,0.470003629,0,1.098612289,0,0,1.887069649,0,1.568615918,0.405465108,0,0.470003629
1986,fall,13,2,7.03,0,0,0,0,0,ABSENT,0.748666667,3.054001182,2.850706502,0,4.437934267,5.051137237,6.005367452,0.182321557,0,1.098612289,0,0,1.791759469,0,1.223775432,0.405465108,0,0
1987,fall,15,2,7.03,0,0,0,0,0,ABSENT,1.917333333,0.875468737,2.63905733,0,2.397895273,5.033048889,6.316442404,0.693147181,0,1.335001067,0,0,1.887069649,0,1.686398954,0,2.426015132,0
1988,fall,17,2,7.03,0,0,0,0,0,ABSENT,-1.318,0.182321557,1.871802177,0,0.587786665,4.815431111,6.362683216,0,0,2.151762203,0,0,2.734367509,0,1.757857918,0.405465108,1.213007566,0.875468737
1989,fall,19,2,7.03,0,0,0,0,0,ABSENT,-0.422333333,0,0,0,0,4.580877493,6.881616621,0.78845736,0.182321557,1.568615918,0,0,3.693866996,0,1.85629799,0.405465108,0,0.470003629
1990,fall,21,2,7.03,0,0,0,0,0,ABSENT,0.209666667,0,0,0,0,4.374498368,6.854354502,1.16315081,0,1.887069649,0,0,3.015534901,0,1.791759469,0,0.709563939,0.470003629
1991,fall,23,2,7.03,0,0,0,0,0,ABSENT,0.935666667,0,0,0,0,3.761200116,6.845667087,1.029619417,0,2.104134154,0.182321557,0,2.302585093,0,1.791759469,0.693147181,3.639022698,0.693147181
1992,fall,25,2,7.03,0,0,0,0,0,ABSENT,0.695,0,0,0,0,2.901421594,6.625127081,1.481604541,0,1.824549292,0.336472237,0,2.517696473,0,1.435084525,0.693147181,0,0.336472237
1993,fall,27,2,7.03,0,0,0,0,0,ABSENT,1.068,2.028148247,2.406945108,0.709563939,2.433613355,3.433987204,5.483135804,0.955511445,0,1.16315081,0,0,1.481604541,0,1.386294361,0,0,0.336472237
1994,fall,29,2,7.03,0,0,0,0,0,ABSENT,0.853666667,2.48490665,2.32238772,0,3.858622229,3.555348061,4.609162207,0.470003629,0,1.648658626,0,0,1.223775432,0,0.693147181,0,0,0
1995,fall,31,2,7.03,2.987197724,21,13.12304402,18.59051477,8.620041299,ABUNDANT,-0.120666667,2.517696473,3.198673118,0,3.728100167,3.610917913,5.061328408,0.875468737,0,1.974081026,0,0,1.648658626,0,0.336472237,0,0.709563939,0
1996,fall,33,2,7.03,4.26742532,30,12.24405045,24.32812055,10.80118407,ABUNDANT,-0.338333333,2.564949357,2.895911938,0,3.446807893,3.919991175,4.979488565,0.336472237,0.693147181,1.722766598,0,0,0.470003629,0,0.336472237,0.405465108,0,0
1997,fall,35,2,7.03,3.982930299,28,26.03306018,28.70144774,12.87879802,ABUNDANT,2.963,2.00148,3.621670704,0,4.775756487,4.80073697,5.927459217,0,0,0.587786665,0,0,0.693147181,0,0.336472237,0,0,0.182321557
1998,fall,37,2,7.03,3.556187767,25,11.38082729,32.2288969,15.04939448,ABUNDANT,-0.194666667,1.757857918,3.384390263,0,4.736198448,3.788724789,5.530222424,0,0,0.336472237,0,0,0.336472237,0,0.182321557,0,0,0
1999,fall,39,2,7.03,7.112375533,50,22.29988741,36.04726149,17.51602139,ABUNDANT,-0.735,1.609437912,3.044522438,0,4.198704578,4.48863637,6.983975305,0.470003629,0,1.887069649,0,0,0.587786665,0,0.955511445,1.098612289,0,0
2000,fall,41,2,7.03,8.392603129,59,13.20674605,39.71376462,20.07115149,ABUNDANT,-0.185333333,0,0,0,0,3.453157121,6.473582007,0.336472237,0,2.197224577,0.182321557,0,1.791759469,0,0.875468737,1.252762968,0.709563939,0.336472237
2001,fall,43,2,7.03,5.689900427,40,23.76160058,42.78562938,22.50725752,ABUNDANT,0.147666667,3.788724789,4.570578741,0,0.470003629,0.336472237,0.875468737,0.587786665,0.182321557,1.757857918,0,0,0.955511445,0,0.78845736,0.405465108,0,0
2002,fall,45,2,7.03,8.108108108,57,25.09193072,44.82007889,24.61681223,ABUNDANT,0.87,2.302585093,3.941581808,0,0.470003629,1.791759469,2.93385687,2.219203484,0,2.867898902,0,0,1.757857918,0,1.945910149,0.405465108,0,0
2003,fall,47,2,7.03,6.116642959,43,21.2809626,45.60783039,26.42783877,ABUNDANT,0.312333333,4.201703081,4.069026754,0,2.533696814,0.470003629,0.693147181,1.648658626,0,2.397895273,0.182321557,0,0.182321557,0,0.470003629,0.916290732,0,0
2005,fall,51,2,7.03,4.409672831,31,20.00602114,44.80375834,29.62296631,ABUNDANT,0.385666667,2.251291799,2.756840365,0,3.442019376,0,0,2.564949357,0,2.397895273,0,0,0.223143551,0,0.223143551,0.405465108,0,0
2006,fall,53,2,7.03,3.556187767,25,34.93370691,43.94714366,30.98675726,ABUNDANT,0.757666667,3.678829118,4.084294226,3.27565381,1.791759469,1.609437912,1.481604541,2.433613355,0,2.379546134,0,0,0,0,0,0.405465108,0,0
2007,fall,55,2,7.03,4.694167852,33,43.02970331,43.27761581,32.18115965,ABUNDANT,-0.636666667,1.974081026,4.553876892,3.27565381,4.30676415,2.944438979,3.265759411,1.945910149,0,1.568615918,0,0,0,0,0,0.916290732,0,0.182321557
2008,fall,57,2,7.03,9.815078236,69,41.076556,42.61757879,33.22551577,ABUNDANT,-0.254333333,3.471966453,4.465908119,0,4.039536326,3.100092289,3.360375387,2.128231706,0.182321557,1.686398954,0.470003629,0,0,0,0,0.405465108,0,0
2010,fall,61,2,7.03,3.698435277,26,25.52929011,40.24196263,34.94017051,ABUNDANT,-1.569,2.302585093,4.789157022,0,3.73289634,3.538056564,4.718498871,2.240709689,0,1.945910149,0.336472237,0,0.182321557,0,0,0.405465108,0,0.182321557
2011,fall,63,2,7.03,6.40113798,45,45.10934074,38.64903832,35.60896531,ABUNDANT,-0.505333333,2.549445171,4.606169686,1.603508781,2.708050201,1.722766598,4.48863637,2.174751721,0.182321557,2.151762203,0.587786665,0,0,0,0,0.405465108,0,0
2012,fall,65,2,7.03,6.685633001,47,46.5138489,36.86780644,36.1510692,ABUNDANT,0.685333333,1.916922612,4.564348191,0,2.995732274,3.693866996,4.723841716,1.916922612,0.182321557,1.686398954,0,0,0,0,0,0,0,0
2013,fall,67,2,7.03,0.426742532,3,16.34837623,34.95959439,36.56573027,ABUNDANT,-0.322666667,1.526056303,4.804021045,0,3.346389145,3.5085559,4.711330382,1.887069649,0,1.722766598,0.182321557,0,0,0,0,0.916290732,0,0
2014,fall,69,2,7.03,1.991465149,14,29.08341735,32.93622121,36.84674358,ABUNDANT,0.807,1.916922612,4.741447804,0,3.883623531,3.520460802,4.934473933,0.470003629,0,0,0,0.319062724,0,0,0,0.530628251,0,0
2015,fall,70,2,7.03,8.677098151,61,39.19874051,30.74793067,36.9908306,ABUNDANT,0.503333333,1.686398954,4.740574823,6.646034253,3.797733859,3.161246712,4.619073091,0.182321557,0.182321557,0,0,0.822506351,0,0.336472237,0,1.335001067,0,0.182321557
2016,fall,72,2,7.03,5.405405405,38,37.56377743,28.36368729,37.00162907,ABUNDANT,2.126666667,2.624668592,5.215479088,6.93475321,3.96271612,3.250374492,5.148656592,0.182321557,0.182321557,0,0,0.822506351,0,1.098612289,0.470003629,0.832909123,0,0.182321557
2017,fall,74,2,7.03,2.844950213,20,42.89622956,25.75245561,36.88277671,ABUNDANT,-0.063666667,2.856470206,4.779123493,5.986750016,3.421000009,3.514526067,5.187385806,0.587786665,0.587786665,0.182321557,0,0,0,0.336472237,0.693147181,0.832909123,0.709563939,0.182321557
1980,fall,1,3,7.7,0,0,0,0,0,ABSENT,0.455333333,1.916922612,3.365378284,0,4.570578741,4.276666119,3.955082495,2.681021529,0.336472237,1.974081026,0,0,0.182321557,0,0.587786665,0.441832753,0.773207317,1.098612289
1981,fall,3,3,7.7,0,0,0,0,0,ABSENT,0.017,1.85629799,3.660994251,0,4.391976966,4.678420648,4.468204331,3.186352633,0,2.054123734,0,0,0,0,0.182321557,0.405465108,0,0.693147181
1982,fall,5,3,7.7,0,0,0,0,0,ABSENT,1.738,2.517696473,3.862832761,2.192335195,5.023880521,4.804021045,4.933034048,1.335001067,0,1.974081026,0,0,0.182321557,0,0.182321557,0,0,0
1983,fall,7,3,7.7,0,0,0,0,0,ABSENT,1.146,1.757857918,4.200204953,0,5.185148668,4.479606963,5.195176608,0.78845736,0,1.526056303,0,0,0.587786665,0,0.587786665,0.405465108,0,1.16315081
1984,fall,9,3,7.7,0,0,0,0,0,ABSENT,-0.114666667,2.197224577,3.520460802,2.192335195,5.319099906,4.549657476,5.17501915,0.182321557,0,0,0,0,0.587786665,0,0.693147181,0.693147181,0,0.336472237
1985,fall,11,3,7.7,0,0,0,0,0,ABSENT,-0.345333333,1.335001067,3.417726684,0.709563939,4.587006215,4.234106505,5.677438499,0,0,1.029619417,0,0.709563939,2.079441542,0,1.029619417,0.405465108,0.709563939,0.78845736
1986,fall,13,3,7.7,0,0,0,0,0,ABSENT,0.748666667,0,1.791759469,0,1.029619417,4.885827644,6.216606101,0,0,1.526056303,0,0,2.360854001,0,1.648658626,0.405465108,1.603508781,0.182321557
1987,fall,15,3,7.7,0,0,0,0,0,ABSENT,1.917333333,0,0.182321557,0,0.336472237,4.374498368,6.182498045,0,0,1.280933845,0,0.709563939,3.632309103,0,0.693147181,0,0,0
1988,fall,17,3,7.7,0,0,0,0,0,ABSENT,-1.318,0.78845736,0.955511445,0,1.887069649,3.854393893,5.516649361,0.470003629,0,0.875468737,0,0,3.63758616,0,0.955511445,0.405465108,0,0.182321557
1989,fall,19,3,7.7,0,0,0,0,0,ABSENT,-0.422333333,0,0,0,0,4.387014176,6.448256282,1.435084525,0,1.609437912,0,0,3.673765816,0,1.526056303,0.405465108,0.709563939,0.693147181
1990,fall,21,3,7.7,0,0,0,0,0,ABSENT,0.209666667,0.78845736,2.341805806,0,3.194583132,3.879499814,6.391582049,2.00148,0.182321557,1.722766598,0,0,3.100092289,0,1.029619417,0,0.709563939,1.098612289
1991,fall,23,3,7.7,0,0,0,0,0,ABSENT,0.935666667,0,0.78845736,0,3.374168709,3.346389145,6.509960677,1.435084525,0,1.386294361,0,0,2.468099531,0,1.386294361,0.405465108,0,0.587786665
1992,fall,25,3,7.7,0,0,0,0,0,ABSENT,0.695,1.098612289,0.336472237,0,3.250374492,3.713572067,6.325791627,1.481604541,0,1.791759469,0,0,2.054123734,0,1.16315081,0,1.213007566,1.386294361
1993,fall,27,3,7.7,0,0,0,0,0,ABSENT,1.068,1.85629799,2.809402695,3.639022698,4.589040804,3.169685581,5.71768538,0.470003629,0.336472237,0.470003629,0,0,1.386294361,0,0.587786665,0,0,1.335001067
1994,fall,29,3,7.7,0,0,0,0,0,ABSENT,0.853666667,2.079441542,1.824549292,0,5.097424424,3.034952987,5.473949935,0.693147181,0.182321557,1.481604541,0,1.213007566,0.693147181,0,0.587786665,0.916290732,0,0.78845736
1995,fall,31,3,7.7,3.896103896,30,13.12304402,19.36030733,8.620041299,ABUNDANT,-0.120666667,2.821378886,3.054001182,0,4.555979942,3.265759411,5.751301991,0.78845736,0,1.481604541,0.182321557,0,1.757857918,0,0.182321557,0.405465108,0,0.336472237
1996,fall,33,3,7.7,4.025974026,31,12.24405045,25.25635856,10.80118407,ABUNDANT,-0.338333333,1.887069649,2.197224577,0,3.871201011,3.414442608,5.775793011,0.78845736,0.470003629,1.029619417,0.336472237,0,0.470003629,0,0.336472237,0,0,0.336472237
1997,fall,35,3,7.7,4.155844156,32,26.03306018,30.03458937,12.87879802,ABUNDANT,2.963,1.609437912,3.597312261,0.709563939,5.247024072,3.854393893,6.220192477,0,0,0,0,0.709563939,1.945910149,0,0.182321557,0.405465108,0,0.182321557
1998,fall,37,3,7.7,3.246753247,25,11.38082729,34.32081204,15.04939448,ABUNDANT,-0.194666667,2.079441542,3.424262655,0,4.442651256,3.295836866,5.621125241,0,0,0.336472237,0,0,1.568615918,0,0,0.405465108,0,1.223775432
1999,fall,39,3,7.7,6.493506494,50,22.29988741,39.14886323,17.51602139,ABUNDANT,-0.735,1.223775432,3.025291076,0,4.384523515,3.80666249,6.423246964,0.336472237,0,1.609437912,0,0,2.261763098,0,0.182321557,0.916290732,0,0.693147181
2000,fall,41,3,7.7,6.103896104,47,13.20674605,43.90973174,20.07115149,ABUNDANT,-0.185333333,0,0,0,0,3.135494216,6.251132873,0.587786665,0,1.526056303,0,0,2.468099531,0,0.182321557,0.693147181,1.922571505,0.182321557
2001,fall,43,3,7.7,6.103896104,47,23.76160058,47.99440637,22.50725752,ABUNDANT,0.147666667,3.27336401,3.660994251,0,0,0.182321557,0.182321557,0.693147181,0,0.955511445,0,0,1.386294361,0,0.470003629,0,0,0
2002,fall,45,3,7.7,8.051948052,62,25.09193072,50.79387592,24.61681223,ABUNDANT,0.87,2.734367509,3.610917913,0,0.587786665,1.029619417,0.336472237,1.223775432,0,1.481604541,0.182321557,0,0.182321557,0,0.693147181,0.405465108,0,0.336472237
2003,fall,47,3,7.7,7.792207792,60,21.2809626,52.20284685,26.42783877,ABUNDANT,0.312333333,3.723280881,3.935739532,0,2.624668592,0,0,1.029619417,0,1.568615918,0.336472237,0,0.470003629,0,0.336472237,0.693147181,0,0.336472237
2005,fall,51,3,7.7,5.584415584,43,20.00602114,52.60969255,29.62296631,ABUNDANT,0.385666667,2.219203484,3.421000009,0,2.397895273,0,0,2.00148,0,1.916922612,0.182321557,0,0,0,0,0.405465108,0,0
2006,fall,53,3,7.7,4.935064935,38,34.93370691,52.17973931,30.98675726,ABUNDANT,0.757666667,3.862832761,4.234106505,1.922571505,3.421000009,0,0.182321557,2.079441542,0,1.386294361,0,0,0,0,0,0.405465108,0,0
2007,fall,55,3,7.7,6.233766234,48,43.02970331,51.70898335,32.18115965,ABUNDANT,-0.636666667,1.974081026,4.550714,4.196316727,3.951243719,0,0.470003629,1.887069649,0.182321557,1.029619417,0,0,0,0,0,0.405465108,0,0
2008,fall,57,3,7.7,9.350649351,72,41.076556,51.06177133,33.22551577,ABUNDANT,-0.254333333,3.152736022,4.541164856,0,3.815512105,0.182321557,1.16315081,1.916922612,0,1.16315081,0.182321557,0,0,0,0,0,0,0
2010,fall,61,3,7.7,3.896103896,30,25.52929011,48.40819875,34.94017051,ABUNDANT,-1.569,1.85629799,4.960043508,0,3.797733859,1.223775432,3.414442608,2.028148247,0,0.875468737,0.182321557,0,0.182321557,0,0,0.693147181,0,0
2011,fall,63,3,7.7,5.844155844,45,45.10934074,46.50140593,35.60896531,ABUNDANT,-0.505333333,2.079441542,4.779123493,1.213007566,3.490428515,0.182321557,2.054123734,1.945910149,0,0.587786665,0,0,0,0,0,0,0,0.182321557
2012,fall,65,3,7.7,9.090909091,70,46.5138489,44.27432057,36.1510692,ABUNDANT,0.685333333,1.686398954,4.889596966,0,3.346389145,1.435084525,3.538056564,1.648658626,0,1.029619417,0.336472237,0,0.336472237,0,0,0.405465108,0,0
2013,fall,67,3,7.7,0.38961039,3,16.34837623,41.77672655,36.56573027,ABUNDANT,-0.322666667,2.00148,5.134032172,0,3.708682081,1.526056303,3.751854253,1.916922612,0,1.386294361,0.182321557,0,0,0,0.182321557,0.693147181,0,0
2014,fall,69,3,7.7,2.337662338,18,29.08341735,39.02098192,36.84674358,ABUNDANT,0.807,1.526056303,4.733563401,0,3.951243719,1.648658626,3.194583132,0,0,0,0,0.319062724,0,0.182321557,0,0.955511445,0,0
2015,fall,70,3,7.7,8.181818182,63,39.19874051,35.96889586,36.9908306,ABUNDANT,0.503333333,1.568615918,4.879006852,7.294375219,4.168214411,1.916922612,3.514526067,0.336472237,0.336472237,0,0,0.319062724,0.182321557,0.182321557,0,1.16315081,0,0
2016,fall,72,3,7.7,5.194805195,40,37.56377743,32.59442896,37.00162907,ABUNDANT,2.126666667,2.151762203,4.833898116,7.213996879,4.11414719,2.104134154,4.189654742,0,0,0,0,0.319062724,0,0.336472237,0,0.182321557,0,0.470003629
2017,fall,74,3,7.7,3.766233766,29,42.89622956,28.87154179,36.88277671,ABUNDANT,-0.063666667,2.079441542,4.681204872,7.442350648,4.24563401,2.397895273,4.325456283,0.693147181,0.693147181,0.182321557,0,0.319062724,0.182321557,0.182321557,0.182321557,0.916290732,0,0.470003629
1980,fall,1,4,3.84,0,0,0,0,0,ABSENT,0.455333333,1.568615918,3.683275546,0,0.693147181,3.908014984,3.951243719,3.144152279,0.182321557,1.568615918,0,0,0,0,0.182321557,0.777704568,6.090585729,2.151762203
1981,fall,3,4,3.84,0,0,0,0,0,ABSENT,0.017,2.517696473,2.708050201,0,0,4.369447852,4.304065093,3.295836866,0.336472237,1.916922612,0,0,0.336472237,0,0,0.916290732,5.008851542,0.693147181
1982,fall,5,4,3.84,0,0,0,0,0,ABSENT,1.738,2.32238772,3.751854253,0,1.335001067,4.377014093,4.356708827,2.772588722,0,1.824549292,0,0,0.182321557,0,0.182321557,0.405465108,4.274107312,1.029619417
1983,fall,7,4,3.84,0,0,0,0,0,ABSENT,1.146,2.564949357,4.518522379,0,1.098612289,4.273884476,4.295923936,1.029619417,0,1.757857918,0,0,0,0,0,0,1.603508781,1.824549292
1984,fall,9,4,3.84,0,0,0,0,0,ABSENT,-0.114666667,2.595254707,2.468099531,0,1.648658626,4.251348311,4.521788577,0,0,1.16315081,0,0,0,0,0.78845736,0.405465108,3.745115786,1.757857918
1985,fall,11,4,3.84,0,0,0,0,0,ABSENT,-0.345333333,1.280933845,2.653241965,0,1.335001067,4.513054897,4.624972813,0,0,0.955511445,0,0,0.182321557,0,0.587786665,0.405465108,6.06503783,2.564949357
1986,fall,13,4,3.84,0,0,0,0,0,ABSENT,0.748666667,3.394508394,4.247065649,0,0.875468737,4.382026635,3.939638172,0,0.182321557,1.223775432,0,0,0,0,0.875468737,0.405465108,6.455539045,1.945910149
1987,fall,15,4,3.84,0,0,0,0,0,ABSENT,1.917333333,2.261763098,3.230804396,0,0.693147181,3.169685581,5.207297968,0.470003629,0,1.098612289,0,0,0.182321557,0,0.587786665,0.693147181,6.295296456,2.240709689
1988,fall,17,4,3.84,0,0,0,0,0,ABSENT,-1.318,1.526056303,3.202746443,0,1.029619417,4.615120517,4.820281566,0.336472237,0.182321557,1.757857918,0,0,0.182321557,0,1.824549292,0.405465108,6.118888233,2.58021683
1989,fall,19,4,3.84,0,0,0,0,0,ABSENT,-0.422333333,2.901421594,3.96271612,0,2.681021529,4.705920089,4.626931678,1.16315081,0,2.32238772,0,0,0.693147181,0,1.757857918,0,4.958123352,0.875468737
1990,fall,21,4,3.84,0,0,0,0,0,ABSENT,0.209666667,1.686398954,3.346389145,0,1.280933845,4.734442522,4.713127327,1.887069649,0,2.151762203,0,0,0.875468737,0,1.648658626,1.252762968,4.420025128,1.887069649
1991,fall,23,4,3.84,0,0,0,0,0,ABSENT,0.935666667,1.16315081,3.602776755,0,2.197224577,3.908014984,4.834693344,1.435084525,0,2.079441542,0.336472237,0,0,0,1.029619417,0,2.426015132,2.028148247
1992,fall,25,4,3.84,0,0,0,0,0,ABSENT,0.695,1.974081026,2.681021529,2.426015132,0.587786665,4.110873864,4.411585437,1.945910149,0,1.686398954,0,0,0.470003629,0,1.098612289,0,3.526080286,1.945910149
1993,fall,27,4,3.84,0,0,0,0,0,ABSENT,1.068,1.686398954,2.975529566,0,2.128231706,4.504244267,5.21166956,0.78845736,0.182321557,1.280933845,0,0,0.587786665,0,0.78845736,1.098612289,3.84514301,0.470003629
1994,fall,29,4,3.84,0,0,0,0,0,ABSENT,0.853666667,1.223775432,2.58021683,0,1.481604541,4.547541073,5.101085197,1.386294361,0,1.386294361,0.336472237,0,0.182321557,0,0.875468737,0.693147181,3.135579071,1.722766598
1995,fall,31,4,3.84,0.260416667,1,2.022836867,1.915823072,1.973742746,FEW,-0.120666667,2.912350665,2.821378886,0,1.029619417,4.018183201,5.234312037,0.875468737,0.182321557,1.722766598,0,0,0.470003629,0,1.335001067,0.916290732,1.603508781,1.16315081
1996,fall,33,4,3.84,2.604166667,10,5.490042827,2.388555768,2.537334702,FEW,-0.338333333,1.974081026,2.525728644,0,1.335001067,3.555348061,4.508659286,0.693147181,0,0.78845736,0.470003629,0,0.182321557,0,0.78845736,0.405465108,2.192335195,0.470003629
1997,fall,35,4,3.84,0.260416667,1,3.808541098,2.758448354,3.033993133,FEW,2.963,1.16315081,2.533696814,1.213007566,1.824549292,4.180522258,4.547541073,0,0,1.098612289,0.182321557,0,0,0,0.470003629,0,1.603508781,0.587786665
1998,fall,37,4,3.84,0.520833333,2,2.980095163,2.991535665,3.472520533,FEW,-0.194666667,2.261763098,3.642835516,0,2.261763098,3.891820298,4.025351691,0,0,0.693147181,0.182321557,0,0.182321557,0,0.78845736,0.693147181,1.213007566,0
2000,fall,41,4,3.84,0.78125,3,1.142673327,3.278722496,4.370870649,FEW,-0.185333333,1.974081026,2.660259537,0,2.433613355,4.080921542,4.734442522,0.78845736,0.182321557,1.16315081,0.78845736,0,0.336472237,0,0.470003629,0.405465108,2.192335195,0
2001,fall,43,4,3.84,0.260416667,1,7.360945572,3.415394853,4.823633286,FEW,0.147666667,2.360854001,1.887069649,0,1.223775432,4.207673248,5.102302483,0.587786665,0,1.223775432,1.098612289,0,0,0,1.029619417,0.693147181,2.426015132,0.693147181
2002,fall,45,4,3.84,1.302083333,5,6.47351485,3.602501731,5.274080925,FEW,0.87,2.079441542,2.351375257,0,1.974081026,4.107589789,4.859812404,1.526056303,0.182321557,2.282382386,0.693147181,0,0.470003629,0,1.029619417,0.916290732,1.213007566,0.182321557
2003,fall,47,4,3.84,2.083333333,8,8.33991525,3.881329548,5.718683527,FEW,0.312333333,1.029619417,1.568615918,0,1.280933845,4.48638665,4.322807275,2.079441542,0,1.386294361,1.280933845,0,0,0,1.098612289,0.693147181,2.632135444,0.78845736
2004,fall,49,4,3.84,1.5625,6,3.041341021,4.113404253,6.144251672,FEW,0.58,2.965273066,2.879198457,0,2.00148,4.399375273,4.231203745,2.00148,0.182321557,1.791759469,0.336472237,0,0,0,0.693147181,0.405465108,2.983309161,0
2005,fall,51,4,3.84,0.78125,3,6.437798205,4.252193997,6.551302066,FEW,0.385666667,2.128231706,2.424802726,0,1.16315081,4.890349128,4.293195421,2.653241965,0.336472237,2.379546134,1.568615918,0,0.182321557,0,0.78845736,0.405465108,1.213007566,0
2006,fall,53,4,3.84,0.260416667,1,6.860290858,4.4768985,6.956863855,FEW,0.757666667,3.034952987,2.939161922,0,1.757857918,4.685828089,4.314817885,2.844909384,0.336472237,2.174751721,1.435084525,0,0,0,0.336472237,1.098612289,0,0
2007,fall,55,4,3.84,0.260416667,1,7.888742091,4.966717483,7.377966187,FEW,-0.636666667,2.360854001,2.63905733,0,1.526056303,4.678420648,4.416428061,3.005682604,0.336472237,1.85629799,0.875468737,0,0,0,0.470003629,1.609437912,1.603508781,0.336472237
2008,fall,57,4,3.84,1.822916667,7,3.960104577,5.686006103,7.811316513,FEW,-0.254333333,2.00148,3.08190997,0,1.722766598,4.465908119,4.312140507,2.734367509,0.78845736,1.686398954,0.470003629,0,0,0,0.470003629,0.405465108,0,0
2010,fall,61,4,3.84,2.604166667,10,11.27245749,7.433036869,8.6910166,ABUNDANT,-1.569,1.223775432,3.549617387,0,2.104134154,4.242764567,5.482304203,2.681021529,0.587786665,1.526056303,0.875468737,0,0.182321557,0,0.470003629,0,3.526080286,0.182321557
2011,fall,63,4,3.84,2.34375,9,10.33919082,8.517698079,9.150827293,ABUNDANT,-0.505333333,1.887069649,3.446807893,0,1.945910149,4.018183201,5.121580188,2.890371758,0.587786665,2.00148,1.098612289,0,0,0,1.098612289,0.405465108,2.632135444,0
2012,fall,65,4,3.84,3.385416667,13,13.71656602,9.781069214,9.632919041,ABUNDANT,0.685333333,2.054123734,3.391147046,0,1.609437912,4.254193263,4.839451482,2.734367509,0.470003629,1.974081026,0.470003629,0,0,0,0.470003629,0.916290732,3.405342761,0
2013,fall,67,4,3.84,2.34375,9,7.974657687,11.25160981,10.14402231,FEW,-0.322666667,0.78845736,3.490428515,0,1.824549292,4.110873864,5.281171208,3.401197382,1.824549292,2.360854001,0.470003629,0,0.182321557,0,0.336472237,1.252762968,2.983309161,0
2014,fall,69,4,3.84,1.302083333,5,7.467839706,12.93319291,10.68386374,FEW,0.807,2.240709689,3.407841924,0,1.974081026,4.025351691,5.080161357,1.481604541,0,0,0,2.426015132,0,0,1.029619417,3.411147713,3.405342761,0.470003629
2015,fall,70,4,3.84,1.041666667,4,9.08653677,14.80077786,11.24556984,FEW,0.503333333,1.916922612,3.802208139,4.258823372,2.433613355,4.120661871,5.460436216,1.16315081,1.16315081,0,0,2.336251867,0.182321557,0.470003629,0.78845736,3.740047741,3.745115786,0.587786665
2016,fall,72,4,3.84,1.822916667,7,7.146444031,16.83945359,11.82597085,FEW,2.126666667,0.693147181,3.443618098,2.592807947,1.481604541,4.053522568,5.360352757,0.587786665,0.587786665,0,0,2.816516347,0,0.470003629,0.182321557,3.597312261,2.632135444,1.223775432
2017,fall,74,4,3.84,10.41666667,40,18.95822167,19.03430903,12.42189702,ABUNDANT,-0.063666667,2.219203484,3.645449896,4.475147795,2.517696473,3.673765816,5.415211118,0.182321557,0.182321557,0,0,3.9762203,0.470003629,0,0.182321557,3.36729583,4.852030264,1.916922612
1980,fall,1,5,3.84,0,0,0,0,0,ABSENT,0.455333333,2.302585093,2.929711172,0,0.336472237,3.117949906,4.180522258,2.219203484,0.78845736,1.568615918,0,1.060737656,0.336472237,0,0,1.329135947,5.585732517,1.85629799
1981,fall,3,5,3.84,0,0,0,0,0,ABSENT,0.017,2.747270914,3.295836866,0,0.693147181,3.471966453,3.73289634,2.681021529,1.16315081,1.481604541,0,0,0.587786665,0,0.336472237,1.252762968,5.524750737,0
1982,fall,5,5,3.84,0,0,0,0,0,ABSENT,1.738,2.197224577,3.478158423,0,1.648658626,3.33220451,4.265492818,3.45946629,0,1.526056303,0,0,0.78845736,0,0.182321557,1.386294361,4.852030264,0
1983,fall,7,5,3.84,0,0,0,0,0,ABSENT,1.146,2.610069793,4.360547603,0,1.757857918,3.5085559,4.087655574,1.223775432,0,1.335001067,0,0,0.182321557,0,0.875468737,0.693147181,1.213007566,0.78845736
1984,fall,9,5,3.84,0,0,0,0,0,ABSENT,-0.114666667,2.624668592,2.151762203,0,2.747270914,3.005682604,4.33073334,0.587786665,0,0.875468737,0,0,0.470003629,0,0.693147181,0.405465108,3.84514301,0.470003629
1985,fall,11,5,3.84,0,0,0,0,0,ABSENT,-0.345333333,1.722766598,2.32238772,0,1.916922612,3.421000009,4.414009681,0.336472237,0,1.029619417,0,0,0.470003629,0,1.223775432,0.693147181,5.735003283,1.280933845
1986,fall,13,5,3.84,0,0,0,0,0,ABSENT,0.748666667,3.433987204,3.543853682,0,1.223775432,2.797281335,3.374168709,0,0,1.435084525,0,0,0,0,1.098612289,0.916290732,6.196678817,0.875468737
1987,fall,15,5,3.84,0,0,0,0,0,ABSENT,1.917333333,2.549445171,2.901421594,0,1.916922612,2.985681938,4.526126979,0.182321557,0,1.722766598,0,0,0.78845736,0,0.875468737,0.916290732,5.831357893,1.280933845
1988,fall,17,5,3.84,0,0,0,0,0,ABSENT,-1.318,2.197224577,2.501435952,0,1.85629799,3.5085559,4.574710979,0.182321557,0,1.686398954,0,0,0.78845736,0,0.693147181,0.405465108,5.831357893,0.875468737
1989,fall,19,5,3.84,0,0,0,0,0,ABSENT,-0.422333333,3.242592351,4.094344562,0,2.667228207,3.985273467,4.401829262,0,0,1.945910149,0,0,1.386294361,0,1.887069649,0.405465108,5.892767702,0.587786665
1990,fall,21,5,3.84,0,0,0,0,0,ABSENT,0.209666667,2.379546134,3.254242969,0,2.797281335,3.496507561,4.924350925,0.587786665,0,1.648658626,0,0,1.648658626,0,1.526056303,1.252762968,5.633032694,0.182321557
1991,fall,23,5,3.84,0,0,0,0,0,ABSENT,0.935666667,3.044522438,3.701301974,0,2.681021529,3.871201011,4.343805422,0.875468737,0.336472237,2.128231706,0,0,0.336472237,0,1.435084525,0.405465108,4.679760136,1.223775432
1992,fall,25,5,3.84,0,0,0,0,0,ABSENT,0.695,2.821378886,3.0301337,0,1.609437912,3.353406718,4.549657476,0.587786665,0,1.887069649,0,0,0,0,1.223775432,0.916290732,4.1149067,0.336472237
1993,fall,27,5,3.84,0,0,0,0,0,ABSENT,1.068,2.197224577,2.960105096,0,2.197224577,3.414442608,4.821893169,0.182321557,0,1.16315081,0.587786665,0,0.470003629,0,0.78845736,0.693147181,2.816516347,0.182321557
1994,fall,29,5,3.84,0,0,0,0,0,ABSENT,0.853666667,1.916922612,2.493205453,0,2.104134154,3.770459441,4.911183215,0.470003629,0,1.335001067,0.182321557,0,0.336472237,0,1.526056303,1.098612289,2.426015132,1.029619417
1995,fall,31,5,3.84,0.260416667,1,2.022836867,2.039223522,2.026096763,FEW,-0.120666667,3.265759411,2.833213344,0,2.240709689,3.514526067,5.121580188,0.955511445,0,1.335001067,0,0,0.693147181,0,0.693147181,1.098612289,2.426015132,0.78845736
1996,fall,33,5,3.84,2.604166667,10,5.490042827,2.548554354,2.605088834,FEW,-0.338333333,2.58021683,2.251291799,0,2.533696814,3.583518938,4.574710979,0.587786665,0.182321557,1.16315081,0.336472237,0,0.470003629,0,0.693147181,1.504077397,2.632135444,0.693147181
1997,fall,35,5,3.84,0.260416667,1,3.808541098,2.909927644,3.10948558,FEW,2.963,1.526056303,3.015534901,0,2.48490665,3.471966453,4.80729437,0.182321557,0,1.280933845,0.182321557,0,0.336472237,0,0.693147181,1.252762968,1.922571505,0
1999,fall,39,5,3.84,0.520833333,2,4.017648424,3.136635274,3.989925232,FEW,-0.735,2.772588722,1.791759469,0,2.501435952,4.003690194,5.157905213,0.336472237,0,1.223775432,0.470003629,0,0.78845736,0,0.587786665,0,0,0.336472237
2000,fall,41,5,3.84,0.260416667,1,1.142673327,3.146192412,4.434694568,FEW,-0.185333333,2.341805806,1.916922612,0,2.58021683,3.828641396,5.220355825,0,0,1.223775432,0.336472237,0,0.470003629,0,0.182321557,1.504077397,3.526080286,0
2001,fall,43,5,3.84,1.302083333,5,7.360945572,3.165010874,4.879358224,FEW,0.147666667,3.310543013,3.250374492,0,2.48490665,3.96271612,5.329816034,0.182321557,0,1.386294361,0.78845736,0,0.182321557,0,0.78845736,1.386294361,1.603508781,0.182321557
2002,fall,45,5,3.84,2.083333333,8,6.47351485,3.251934991,5.321562185,FEW,0.87,2.681021529,1.335001067,0,1.722766598,4.207673248,5.086361005,0.875468737,0,1.686398954,0.587786665,0,0.336472237,0,0.78845736,0.916290732,2.632135444,0.336472237
2003,fall,47,5,3.84,1.5625,6,8.33991525,3.465809094,5.758952436,FEW,0.312333333,1.824549292,3.230804396,0,2.58021683,4.007333185,4.333361463,0.693147181,0.470003629,1.887069649,0.955511445,0,0.182321557,0,1.16315081,1.252762968,3.405342761,0.336472237
2004,fall,49,5,3.84,0,0,3.041341021,3.665215031,6.17684175,FEW,0.58,3.310543013,3.549617387,0,2.433613355,4.046553898,4.430816799,1.335001067,0.182321557,1.648658626,1.223775432,0,0,0,0.336472237,0.916290732,2.816516347,0.182321557
2005,fall,51,5,3.84,0.78125,3,6.437798205,3.783600141,6.574765606,FEW,0.385666667,2.151762203,1.609437912,0,1.280933845,4.304065093,3.970291914,1.945910149,0,2.00148,1.223775432,0,0.182321557,0,0.78845736,0.916290732,3.405342761,0.336472237
2006,fall,53,5,3.84,0.260416667,1,6.860290858,3.992106995,6.971704049,FEW,0.757666667,3.718438256,1.667706821,0,0.470003629,4.80729437,4.48863637,1.791759469,0,1.887069649,0.470003629,0,0,0,0.875468737,1.252762968,2.192335195,0.182321557
2007,fall,55,5,3.84,0.260416667,1,7.888742091,4.461878163,7.386637125,FEW,-0.636666667,2.76000994,1.704748092,0,0.955511445,4.440295543,4.652053772,1.722766598,0.182321557,1.335001067,0.470003629,0,0.182321557,0,0.955511445,1.386294361,2.983309161,0
2008,fall,57,5,3.84,1.5625,6,3.960104577,5.157872559,7.815713074,FEW,-0.254333333,2.844909384,2.833213344,0,1.887069649,4.219507705,4.534747722,2.079441542,0.182321557,1.481604541,0.587786665,0,0,0,0.336472237,1.098612289,3.27565381,0.182321557
2010,fall,61,5,3.84,2.604166667,10,11.27245749,6.872331042,8.68793759,ABUNDANT,-1.569,2.00148,3.234749174,0,1.791759469,3.935739532,5.48147191,1.85629799,0.470003629,0.955511445,0.78845736,0,0.182321557,0,0,0.693147181,4.1149067,0.470003629
2011,fall,63,5,3.84,2.34375,9,10.33919082,7.951600737,9.145192398,ABUNDANT,-0.505333333,2.302585093,3.292126287,0,2.341805806,3.532225644,5.549853992,2.282382386,0.78845736,1.722766598,0.182321557,0,0,0,0.336472237,0.405465108,4.196316727,0
2012,fall,65,5,3.84,3.385416667,13,13.71656602,9.219434472,9.625946399,ABUNDANT,0.685333333,2.341805806,3.589059119,0,1.974081026,4.158883083,5.416988896,2.451005098,0,1.945910149,0.182321557,0,0.182321557,0,0.693147181,0.405465108,4.196316727,0
2013,fall,67,5,3.84,2.34375,9,7.974657687,10.70623505,10.13725271,FEW,-0.322666667,1.223775432,3.580737295,0,1.916922612,3.325036021,4.978112102,2.48490665,0.470003629,1.824549292,0.470003629,0,0.182321557,0,0.336472237,1.098612289,4.618350327,0
2014,fall,69,5,3.84,1.302083333,5,7.467839706,12.41547862,10.67889323,FEW,0.807,2.197224577,3.711130063,0,2.128231706,3.242592351,5.094976443,0.470003629,0,0,0,0,0.587786665,0.693147181,0.336472237,3.353406718,4.55470695,0
2015,fall,70,5,3.84,0.260416667,1,9.08653677,14.32002522,11.24374767,FEW,0.503333333,2.397895273,3.718438256,3.135579071,1.791759469,3.832979798,5.498806227,1.481604541,1.481604541,0,0,0.822506351,0.336472237,0.78845736,0.693147181,3.815512105,5.952095418,0.78845736
2016,fall,72,5,3.84,1.822916667,7,7.146444031,16.40435352,11.82851594,FEW,2.126666667,1.722766598,3.742420221,3.864480224,2.151762203,3.36729583,5.138148614,0.587786665,0.693147181,0,0,1.922571505,0.693147181,0.587786665,0.336472237,3.284663565,4.796470042,0.78845736
2017,fall,74,5,3.84,10.41666667,40,18.95822167,18.65294218,12.42989794,ABUNDANT,-0.063666667,2.667228207,3.131136911,3.883606097,2.219203484,3.100092289,5.162497643,0.875468737,0.875468737,0,0,2.745077856,0.182321557,0,0.587786665,3.832979798,5.561594203,1.098612289
1980,fall,1,6,7.07,0,0,0,0,0,ABSENT,0.455333333,2.151762203,2.770503216,0,2.901421594,2.197224577,4.723841716,3.015534901,0.182321557,0.182321557,0,0,1.16315081,0,0,0.441832753,5.052740989,1.029619417
1981,fall,3,6,7.07,0,0,0,0,0,ABSENT,0.017,2.240709689,3.903990834,0,3.161246712,2.912350665,5.291292752,2.564949357,0,0,0,0,0.693147181,0,0,0,4.618350327,0.336472237
1982,fall,5,6,7.07,0,0,0,0,0,ABSENT,1.738,2.197224577,4.259859001,0,3.5085559,2.867898902,5.400873955,1.648658626,0,0,0,0,1.568615918,0,0,0.916290732,4.029523913,0.182321557
1984,fall,9,6,7.07,0,0,0,0,0,ABSENT,-0.114666667,1.749199855,3.737669618,2.426015132,3.881563798,2.708050201,5.025523907,0,0,0.223143551,0,0,0.559615788,0,0,0,4.029523913,0
1985,fall,11,6,7.07,0,0,0,0,0,ABSENT,-0.345333333,1.386294361,3.740047741,0,3.653252276,3.62700405,5.396351107,0,0.182321557,0.587786665,0,0,1.526056303,0,0.182321557,0,5.152768214,0.955511445
1986,fall,13,6,7.07,0,0,0,0,0,ABSENT,0.748666667,1.974081026,3.728100167,0,3.242592351,3.295836866,5.355642433,0,0,0.587786665,0,0,0.875468737,0,0.336472237,0,5.008851542,0.875468737
1987,fall,15,6,7.07,0,0,0,0,0,ABSENT,1.917333333,2.104134154,3.828641396,0,4.374498368,3.484312288,5.735281142,0,0,0.587786665,0,0,2.32238772,0,0.182321557,0,4.488661376,0.182321557
1988,fall,17,6,7.07,0,0,0,0,0,ABSENT,-1.318,1.568615918,4.003690194,0,3.713572067,3.747148362,5.729450221,0,0.470003629,0.182321557,0,0.709563939,2.282382386,0,0.182321557,0,5.285743551,1.16315081
1989,fall,19,6,7.07,0,0,0,0,0,ABSENT,-0.422333333,2.128231706,4.175924549,0,3.923951576,4.348986781,6.41411448,0,0,0.875468737,0,0,2.549445171,0,0.336472237,0,4.348586637,0.955511445
1990,fall,21,6,7.07,0,0,0,0,0,ABSENT,0.209666667,1.722766598,3.862832761,0,3.453157121,4.320151231,5.957390567,0,0,1.280933845,0,0,1.916922612,0,0.587786665,0.405465108,4.679760136,0.78845736
1991,fall,23,6,7.07,0,0,0,0,0,ABSENT,0.935666667,1.526056303,3.869115504,0,3.135494216,3.446807893,6.264920912,0,0.182321557,1.791759469,0,0,1.223775432,0,0.78845736,0,4.679760136,1.098612289
1992,fall,25,6,7.07,0,0,0,0,0,ABSENT,0.695,1.335001067,3.555348061,0.709563939,2.708050201,3.947390149,5.999432717,0.182321557,0,1.223775432,0,0,0.182321557,0,0.470003629,0,5.152768214,0.875468737
1993,fall,27,6,7.07,0,0,0,0,0,ABSENT,1.068,1.280933845,3.713572067,0,2.944438979,4.359269648,6.626187808,0,0,1.098612289,0,0,0.875468737,0,0.693147181,0,4.739087852,1.029619417
1994,fall,29,6,7.07,0,0,0,0,0,ABSENT,0.853666667,1.098612289,3.210843653,0,2.48490665,4.71492105,6.889794954,0.336472237,0,0.875468737,0,0,1.280933845,0,0.693147181,0,4.488661376,0.78845736
1995,fall,31,6,7.07,0,0,1.678852865,0,1.049960272,FEW,-0.120666667,0,0,0,0,3.779633817,6.811464619,0,0,0.587786665,0.336472237,0,0.470003629,0,0.182321557,0,3.639022698,0.693147181
1996,fall,33,6,7.07,0,0,2.105402281,0,1.272852722,FEW,-0.338333333,0,0.182321557,0,0,3.407841924,6.488900934,0,0,1.386294361,0,0,0.470003629,0,0.336472237,0,3.939760648,0.693147181
1997,fall,35,6,7.07,0,0,2.685279932,0,1.511049205,FEW,2.963,3.034952987,1.960094784,0,3.658420247,3.985273467,5.838313368,0.182321557,0,0.693147181,0,0,0.875468737,0,0.182321557,0,2.632135444,0.470003629
1998,fall,37,6,7.07,0,0,2.34371416,0,1.756618962,FEW,-0.194666667,2.923161581,2.541601993,0,3.923951576,3.265759411,4.780802755,0,0,0.693147181,0,0,0.336472237,0,0.470003629,0.405465108,4.796470042,0.78845736
2000,fall,41,6,7.07,0.141442716,1,1.049766774,0.08322738,2.295461348,FEW,-0.185333333,0,0,0,0,4.239886868,7.220081182,0.182321557,0,1.335001067,0.182321557,0,1.686398954,0,0.336472237,0.405465108,4.55470695,0.182321557
2001,fall,43,6,7.07,0,0,2.280379643,0.066247725,2.584648687,FEW,0.147666667,0,0,0,0,3.605497845,6.222179364,0.182321557,0,1.098612289,0.336472237,0,0.470003629,0,0.336472237,0.405465108,3.526080286,0
2002,fall,45,6,7.07,0,0,2.731361747,0.056796624,2.874172185,FEW,0.87,2.653241965,2.517696473,4.679760136,3.310543013,3.538056564,6.49677499,0.587786665,0,1.029619417,0,0,0,0,0.182321557,0,3.526080286,0.336472237
2003,fall,47,6,7.07,0,0,3.072336707,0.065609999,3.154400888,FEW,0.312333333,2.397895273,2.251291799,0,4.999911331,3.713572067,5.906451173,1.280933845,0,0.587786665,0,0,0.955511445,0,0,0.405465108,3.135579071,0.182321557
2004,fall,49,6,7.07,0,0,2.343272595,0.10342377,3.415703842,FEW,0.58,2.610069793,2.104134154,0.709563939,4.8978398,4.130355,6.80394911,1.16315081,0,1.098612289,0.182321557,0,0.875468737,0,0.182321557,0,3.639022698,0.182321557
2005,fall,51,6,7.07,0,0,3.561885997,0.065413671,3.648082729,FEW,0.385666667,2.610069793,2.57261223,0,4.642465971,3.210843653,5.812337881,0.693147181,0,1.16315081,0,0,0,0,0,0,4.029523913,0.182321557
2006,fall,53,6,7.07,0,0,4.925837714,0,3.863033386,FEW,0.757666667,1.85629799,2.014903021,0,4.601162165,4.014579594,5.837147187,0.470003629,0.336472237,0.587786665,0,0,0.336472237,0,0,0,3.939760648,0.182321557
2007,fall,55,6,7.07,0,0,6.136754595,0,4.083166098,FEW,-0.636666667,2.833213344,1.987874348,2.426015132,4.555979942,4.282206299,5.927992124,1.386294361,0.182321557,0.693147181,0,0,0.470003629,0,0.182321557,0.405465108,4.796470042,0
2008,fall,57,6,7.07,0.141442716,1,3.181903571,0.120384151,4.331091145,FEW,-0.254333333,2.197224577,3.549617387,0,4.440295543,4.611152258,6.175451383,0.955511445,0.336472237,0.78845736,0,0,0.470003629,0,0.336472237,0.405465108,5.198225315,0.955511445
2010,fall,61,6,7.07,0,0,5.503677166,1.032504972,4.885893182,FEW,-1.569,2.681021529,3.490428515,0,4.123903364,4.100989105,6.540452632,0.955511445,0.78845736,0.587786665,0.182321557,0,0.336472237,0,0.336472237,0.405465108,5.561594203,0.336472237
2011,fall,63,6,7.07,0,0,5.050392667,1.628727438,5.177455579,FEW,-0.505333333,1.568615918,3.238678452,0.709563939,4.010962953,4.452019006,6.691090694,1.945910149,0,0.875468737,0.182321557,0,0,0,0.182321557,0,4.618350327,0.336472237
2012,fall,65,6,7.07,0.565770863,4,6.054884057,2.347608564,5.480322734,FEW,0.685333333,1.945910149,3.401197382,0,3.663561646,4.237000863,6.953684211,1.916922612,0.182321557,1.335001067,0.182321557,0,0.336472237,0,0,0,2.426015132,0.336472237
2013,fall,67,6,7.07,0,0,4.52703448,3.211061321,5.795892523,FEW,-0.322666667,2.595254707,3.597312261,0,3.310543013,4.387014176,6.841615476,2.104134154,0.182321557,1.280933845,0.182321557,0,0.336472237,0,0.182321557,0.405465108,2.426015132,0
2014,fall,69,6,7.07,0,0,4.816692499,4.225867086,6.124369317,FEW,0.807,1.568615918,3.36729583,1.603508781,3.862832761,4.713127327,6.646130741,0.693147181,0,0,0,2.336251867,0.587786665,0,0.470003629,0.336472237,4.420025128,0.182321557
2015,fall,70,6,7.07,0,0,6.33766481,5.378079268,6.464650374,FEW,0.503333333,1.722766598,3.737669618,6.711498432,3.779633817,4.239886868,7.046473198,1.648658626,1.648658626,0,0,0,0.875468737,0,0.470003629,0.78845736,4.679760136,0.470003629
2016,fall,72,6,7.07,0.99009901,7,4.751679183,6.658518878,6.816172907,FEW,2.126666667,1.16315081,3.407841924,5.377213301,2.975529566,4.050044303,6.008813185,0.587786665,0.587786665,0,0,0,0.336472237,2.32238772,0,0,4.029523913,0
2017,fall,74,6,7.07,2.263083451,16,10.08225616,8.058006929,7.17837413,ABUNDANT,-0.063666667,1.791759469,3.424262655,6.481594117,3.60004824,4.192680463,7.107916754,0.336472237,0.336472237,0,0,0.822506351,1.223775432,0.182321557,0.470003629,0.336472237,4.274107312,0.470003629