SITE,YEAR,OTTER_baylevel,OTTER_2km,OTTER_density,BAYSIZE,OTTER2km_smooth,OTTERbaydensity_smooth,OTTERLEVEL,NEREO,MACRO,LAMSP,COST,PTERY,DESM,ASTREA,ABALONE,PYCNO,DERMAST,HENRICIA,ORTHAST,PISAST,PARA,SFRAN,SDROEB,SPURP,CUCUM,RAREUNDERSTORYKELP,PDO,ENSO,wvht_mean,wvht_median,wvht_max,wvht_95,wvht_events95,wvht_events99,wvht_99,sst_mean,sst_median,sst_max,sst_95,sst_events95,sst_events99,sst_99
GULL,1988,201,5,1.010050251,199,5,0.922080267,FEW,1.4,0,47.8,0,94.4,24,0.2,0,1.6,1.2,8.8,1.2,0.2,0,0.2,0.4,0,0.6,2.4,-0.610833333,-1.074957143,NA,NA,NA,NA,NA,NA,NA,11.29125683,11.4,18.2,16.15,11,0,17
GULL,1989,329,0,1.653266332,199,0.520339327,1.141081872,ABUNDANT,0.4,8.8,58,0,82.8,78.4,0,0.4,2.2,1,7.6,0.8,0,0.2,0.6,0,0.4,0,0,-0.5025,0.136871429,NA,NA,NA,NA,NA,NA,NA,10.80767123,11,18.1,16,11,0,17.672
GULL,1990,288,1,1.447236181,199,1.798576118,1.357550648,ABUNDANT,0,4.2,55.2,0,79.8,30,3.2,0.2,2.2,3.4,8.2,1.2,0,0,0,0,0,0.2,0,-1.344166667,0.464885714,NA,NA,NA,NA,NA,NA,NA,11.4734072,11.2,18.9,16.6,16,4,18.18
GULL,1991,230,0,1.155778894,199,3.238597676,1.573318777,FEW,0.6,2.4,41.2,0,81,12.8,2,0.6,2.4,4.2,4.2,1.6,0,0,1.8,0,0.2,0,0.2,0.120833333,1.441414286,NA,NA,NA,NA,NA,NA,NA,11.25371901,11,20,17.2,27,7,18.938
GULL,1992,257,0,1.291457286,199,4.865057087,1.789024255,ABUNDANT,0,0,33.2,0,63.6,20,2,0.2,1.4,1.8,7.2,2.6,0,0,0.8,0.2,0,0,0,0.829166667,0.9243,NA,NA,NA,NA,NA,NA,NA,11.95765027,11.35,19.8,17.375,26,5,18.735
GULL,1993,272,4,1.366834171,199,6.647120168,2.002461517,ABUNDANT,0,2.4,25.2,0,57.8,38.4,0.2,0,2.4,2.6,3.8,0.6,0.2,0,0.4,0.4,0,0,0,0.796666667,0.695885714,NA,NA,NA,NA,NA,NA,NA,11.22684932,10.6,20,16.6,16,6,19.036
GULL,1994,413,4,2.075376884,199,8.533692821,2.211197389,ABUNDANT,0,4.8,22.4,0,61.6,33.2,0,0,0.4,3.6,3.6,1,0.6,0,0,0,0,0.2,0,-0.609166667,0.902828571,2.27,1.7,6.9,5.505,1,0,6.621,11.53616438,11.8,18.8,16.88,19,2,17.936
GULL,1995,530,21,2.663316583,199,10.47368095,2.412798702,ABUNDANT,0,16.4,13.4,0,59.2,69.2,2.4,0,1,2.8,0.2,0.6,0,0,0.4,0,0,0,0.2,0.764166667,-0.3563,3.491212121,3.2,8.9,6.5,20,1,7.542,11.56520548,11,20.2,17.98,49,8,18.8
GULL,1996,576,7,2.894472362,199,12.70717755,2.621290722,ABUNDANT,0,1.8,10,0,45,99.4,7,0,1.8,2.2,1.2,0.8,0,0,0,0,0,0.2,1.4,0.4975,0.224514286,3.16744186,2.85,9.5,5.8,6,1,7.099,11.64262295,11.05,17.8,16.8,17,0,17
GULL,1997,596,10,2.994974874,199,15.28777857,2.840187018,ABUNDANT,0.4,19.2,4.2,0,31.4,55.6,2,0,0.6,1.2,0.8,0.4,0,0,0,0,0,0,0,0.973333333,2.371485714,3.170054945,2.75,11.1,6.4,18,5,8.907,10.91671233,10.4,18,16.36,12,0,17.4
GULL,1998,668,1,3.35678392,199,17.88464436,3.051286876,ABUNDANT,0,1.8,0.4,0,22,432.8,8.6,0.4,0.4,1.6,2.8,2.2,0.2,0,4.2,0.4,0,0.6,0,-1.4075,-0.773342857,3.634821429,3.2,10.4,7.025,23,7,9.555,11.88282548,11.6,19.5,17.3,28,3,18.14
GULL,1999,714,74,3.587939698,199,20.16693528,3.23638958,ABUNDANT,37.2,6.6,1,0.2,11,541,4.4,0,0.2,2,1.2,0.8,0,0,2.8,0,0,0.2,37,-1.548333333,-0.769557143,3.751851852,3.2,13,8.2,28,10,10.062,10.58873626,10.5,18.8,16.7,14,2,17.811
GULL,2000,590,0,2.964824121,199,22.06821743,3.379159961,ABUNDANT,35.6,2.2,3.4,1.2,17.6,64.2,9.6,0,0.6,2.2,4,0.6,0,0,0.2,0.6,0,0,8.4,-0.885833333,-0.294757143,3.148484848,2.7,8.4,6.29,14,0,7.114,10.61420765,10.3,18.5,15.775,5,1,17.075
GULL,2001,663,6,3.331658291,199,23.78583982,3.490904643,ABUNDANT,3,4.8,2.2,0,25.8,99.4,1.8,0,1.6,2.8,1.8,0.4,0.2,0,0,0,0,0,1,-1.43,0.160685714,2.988379205,2.7,9.7,5.97,10,2,7.448,10.58712329,10,17.7,15.5,2,0,16.5
GULL,2002,667,37,3.351758794,199,25.38463715,3.594885598,ABUNDANT,6,5.8,2,0,21,333.8,4.4,0,0.6,0.4,2,0,0,0,0,1,0,0,2,0.3975,0.7845,3.286440678,2.8,9.9,6.4,16,2,7.441,10.54164384,9.8,17.5,16,5,0,16.936
GULL,2003,723,13,3.633165829,199,25.98482334,3.67306976,ABUNDANT,16.6,1.6,2.2,0,25.4,217.6,1.6,0.2,1.2,1.8,1.2,1.2,0,0.2,0.2,0,0,0,1.2,-0.094166667,0.392428571,2.999178082,2.6,9.4,6.5,21,5,8.7,11.23863014,10.6,20,16.6,17,5,18.536
GULL,2004,740,38,3.718592965,199,25.52021543,3.716838916,ABUNDANT,6.6,4.2,1.2,0,17.6,333.4,1.6,0.2,0.6,1.8,1.8,0.4,0,0,0,0,0,0,1.4,-0.0475,0.656828571,3.151944444,2.7,10.6,6.705,21,11,9.623,11.5795082,11.8,19,17.3,29,5,18.405
GULL,2005,824,38,4.140703518,199,25.27605282,3.763577324,ABUNDANT,0.2,1.6,1.8,0,17.4,474.6,2,0,3.4,0.6,0.4,1,0,0,0,0,0,0,3,-0.5625,-0.0987,3.063556851,2.7,9.1,5.5,9,2,7.474,11.67005495,11.5,19.3,17.17,25,7,18.6
GULL,2006,720,34,3.618090452,199,26.53757488,3.850669241,ABUNDANT,136,4.4,26.6,0,23.4,934.6,2.2,0,2.6,2.6,1,0.2,0,0,0.6,1,0,0,25,-0.708333333,0.577185714,3.235457064,2.7,9.7,6.7,22,3,8.34,11.39068493,10.8,20.2,16.7,17,6,18.436
GULL,2007,949,12,4.768844221,199,29.26734245,3.973392638,ABUNDANT,0.6,4.4,6.2,0,67.2,537.2,0.8,0,2.6,4.2,2.8,1.8,0,0,1.2,0.4,0,0,7.4,-1.305833333,-0.8802,3.20529595,2.8,9.4,6.3,15,3,8.2,10.64794521,10.2,18.7,16.5,15,1,17.836
GULL,2008,882,32,4.432160804,199,32.68863807,4.106569083,ABUNDANT,15.6,2,5.6,0,38.4,473,0,0.6,0.2,2.6,1.6,0.2,0,0,0,0.2,0,0,8,-1.745,-0.280185714,3.244636678,2.8,9.7,6.92,19,4,8.6,10.55491803,9.9,18.8,16.9,21,4,18.14
GULL,2009,530,45,2.663316583,199,36.97778372,4.25689823,ABUNDANT,23.6,21,9.2,4.2,28.2,233,6.2,0,1.8,3,3,1.2,0,0,0,0,0,0,26.8,-0.374166667,0.788271429,2.952676056,2.7,7.1,5.4,8,0,6.9,10.57589041,10.2,19.1,16,13,4,18.244
GULL,2010,890,40,4.472361809,199,42.31110132,4.431079734,ABUNDANT,8.4,5.4,1.2,0,57,178.6,0.2,0,0,1.8,2,1,0.4,0,0,0,0,0,4,-1.686666667,-1.3422,3.680924855,3.3,10,7.175,26,3,8.355,11.18,10.8,19.2,16.48,14,6,18.4
GULL,2011,909,22,4.567839196,199,48.60823038,4.626800395,ABUNDANT,30.2,8.2,6.6,0.2,54.4,220.8,0.8,1,1.2,8.4,3,2,0.2,0,0.4,0,0.2,0,10.6,-1.994166667,-0.362271429,3.333972603,3,9.7,6.6,22,3,8.4,10.82011019,10.8,18.5,16.5,7,1,17
GULL,2012,946,39,4.753768844,199,55.72615323,4.83960524,ABUNDANT,11.2,8,11.4,0.2,61.2,198.4,0,0.2,2.6,4.2,2,2,0,0,0,0.4,0,0,13,-1.3925,0.104157143,3.553846154,3.2,9.7,6.985,28,4,8.548,10.99232877,10.5,19,17.5,34,3,18.136
GULL,2013,1152,51,5.788944724,199,63.7472061,5.072981257,ABUNDANT,2.8,10.4,4.4,0.4,61.8,90.4,0,0,1.2,3.4,4,0.2,0,0,0,0,0,0,7.2,-0.704166667,0.109885714,3.156289308,2.8,9,5.915,7,3,7.73,11.75260274,11.5,19.8,17.6,33,9,18.5
GULL,2014,1099,155,5.522613065,199,72.75372521,5.330415437,ABUNDANT,3.6,5.8,8.2,0,49,194.6,0.2,0.6,0.2,4.6,3.4,1.8,0,0,0,0.2,0,0,15.4,1.008333333,0.903371429,2.8,2.6,7.7,5.2,3,0,6.238,11.56868132,11.8,19.4,17.655,29,9,18.8
GULL,2015,1005,74,5.050251256,199,82.78742203,5.613226244,ABUNDANT,2.6,1.2,5.2,0,53.4,76.8,0,1.2,0,5,5.8,0.2,0,0,2,1,2.2,0,13.6,0.975,1.977171429,2.958630137,2.6,8.2,5.8,11,0,7.336,12.45357143,12.1,20.2,18,50,12,19
GULL,2016,1156,56,5.809045226,199,93.79757139,5.919172744,ABUNDANT,1,5.2,1.6,0,45.2,3.4,1,1.2,0.2,4,2.6,2.4,0,0,6.4,0.2,0,0,23,0.025833333,0.189342857,2.320744681,2.1,6,4.3,0,0,5.413,12.06196721,12.6,20.1,18.76,38,22,19.496
GULL,2017,1285,115,6.457286432,199,105.7278546,6.246402834,ABUNDANT,0.4,14.4,3.6,0,46.2,14.6,0.2,1,0.2,5.4,2,1.6,0,0,5.2,1,2.4,0,37.6,0.202,-0.273885714,3.254520548,2.7,10.3,6.68,23,2,7.908,10.86780186,10.9,19.2,17.58,20,6,18.756
KAMILS,1987,0,0,0,18.6,0,0.106516585,ABSENT,0.2,0,0,0,0,0,6.6,0.6,0.8,0,0.6,0.6,0,0.6,146.8,0,2.6,0.8,0,1.44,0.884657143,NA,NA,NA,NA,NA,NA,NA,13.08534483,12.9,18.2,16,2,0,17.65
KAMILS,1988,3,3,0.161290323,18.6,0.724637924,0.013195437,FEW,113,16.4,30,7,5.2,67.4,34.6,0,0.4,0,0.6,1,0,0,109.8,0.8,0,2.6,29,-0.610833333,-1.074957143,NA,NA,NA,NA,NA,NA,NA,11.29125683,11.4,18.2,16.15,11,0,17
KAMILS,1989,0,0,0,18.6,4.51816302,0,ABSENT,52.8,24.4,68.6,17.2,16.8,116.8,39.8,0.2,0.4,0.6,1.6,0.6,0,0.2,3.2,0.4,0.4,2.2,15.8,-0.5025,0.136871429,NA,NA,NA,NA,NA,NA,NA,10.80767123,11,18.1,16,11,0,17.672
KAMILS,1990,0,0,0,18.6,7.831114034,0,ABSENT,0.8,92,95.6,4.6,24.4,5.8,3.4,0.2,0.6,0,1.4,0,0,0,0.2,0,0,0,0.4,-1.344166667,0.464885714,NA,NA,NA,NA,NA,NA,NA,11.4734072,11.2,18.9,16.6,16,4,18.18
KAMILS,1991,0,0,0,18.6,10.56264883,0.001087309,ABSENT,0,36.8,64.8,2.8,23.6,13.4,17.2,0.6,1.4,0.8,2,1,0.2,0.6,0.2,0,0,0,9,0.120833333,1.441414286,NA,NA,NA,NA,NA,NA,NA,11.25371901,11,20,17.2,27,7,18.938
KAMILS,1992,4,0,0.215053763,18.6,12.80861275,0.084568401,FEW,0.2,41.2,39.2,2,25.6,12.2,9.8,1.2,0.6,0.8,1.8,0.8,0.2,0,0.6,0.2,0,0,1.2,0.829166667,0.9243,NA,NA,NA,NA,NA,NA,NA,11.95765027,11.35,19.8,17.375,26,5,18.735
KAMILS,1993,0,0,0,18.6,14.74456182,0.21274595,ABSENT,2.4,77.2,50.8,1.2,20.8,31.2,6.2,0.4,0.4,0.4,0.6,0.2,0,0,0,0.2,0,2.2,8.2,0.796666667,0.695885714,NA,NA,NA,NA,NA,NA,NA,11.22684932,10.6,20,16.6,16,6,19.036
KAMILS,1994,0,121,0,18.6,16.54605204,0.386719964,ABSENT,0,130.6,19.6,0,35.4,0,16,1,1.4,0,1.6,0,0,0,0,0.8,0,1,10.4,-0.609166667,0.902828571,2.27,1.7,6.9,5.505,1,0,6.621,11.53616438,11.8,18.8,16.88,19,2,17.936
KAMILS,1995,0,0,0,18.6,17.81514332,0.601186206,ABSENT,0,112.8,28.2,0.4,26.2,17.4,13.4,0.8,0.4,0,1,0.4,0,0,0,0,0,0.8,5.8,0.764166667,-0.3563,3.491212121,3.2,8.9,6.5,20,1,7.542,11.56520548,11,20.2,17.98,49,8,18.8
KAMILS,1996,40,21,2.150537634,18.6,18.35314995,0.85504283,FEW,0,104.2,22.8,0,35.2,20.8,9,0,1.8,0.8,1.8,0.4,0,0,0.6,0,0,1.2,2.2,0.4975,0.224514286,3.16744186,2.85,9.5,5.8,6,1,7.099,11.64262295,11.05,17.8,16.8,17,0,17
KAMILS,1997,22,1,1.182795699,18.6,18.63450958,1.15569342,FEW,0,64.4,9,0,29.8,0.8,24.4,0,1.4,0.2,1.6,0.6,0.4,0,0,0,0,0,1.8,0.973333333,2.371485714,3.170054945,2.75,11.1,6.4,18,5,8.907,10.91671233,10.4,18,16.36,12,0,17.4
KAMILS,1998,10,8,0.537634409,18.6,19.13365984,1.510541563,FEW,0,74.8,21.6,0,24.6,56.6,30,0.2,1,1,1.6,1.8,0.6,0.2,0.4,0,0,1.4,5,-1.4075,-0.773342857,3.634821429,3.2,10.4,7.025,23,7,9.555,11.88282548,11.6,19.5,17.3,28,3,18.14
KAMILS,1999,76,0,4.086021505,18.6,18.20309698,1.837275699,FEW,0.2,121.8,12.8,0.2,23.4,59.2,113.6,0.2,2.6,1,3.8,1.2,0.2,0,1.8,0,0,0,24,-1.548333333,-0.769557143,3.751851852,3.2,13,8.2,28,10,10.062,10.58873626,10.5,18.8,16.7,14,2,17.811
KAMILS,2000,21,18,1.129032258,18.6,15.64205745,2.130231845,FEW,0.6,64,8.8,1.8,27.6,107.4,78.2,0.2,2,1.2,2.8,2.2,0.2,0.2,0.4,0,0,0.4,3,-0.885833333,-0.294757143,3.148484848,2.7,8.4,6.29,14,0,7.114,10.61420765,10.3,18.5,15.775,5,1,17.075
KAMILS,2001,83,57,4.462365591,18.6,14.0950892,2.511784955,FEW,0.2,125.2,7,1.4,22.8,7.2,26.2,0.4,5.8,2.2,2.8,1,0,0,0,0,0,0,9.4,-1.43,0.160685714,2.988379205,2.7,9.7,5.97,10,2,7.448,10.58712329,10,17.7,15.5,2,0,16.5
KAMILS,2002,0,0,0,18.6,16.20674016,3.104309981,ABSENT,0.4,110,10.6,0.6,15.2,3.6,67.2,0.4,3.2,2.6,4.4,1.2,0,0,0,0,0,0,7.4,0.3975,0.7845,3.286440678,2.8,9.9,6.4,16,2,7.441,10.54164384,9.8,17.5,16,5,0,16.936
KAMILS,2003,82,13,4.408602151,18.6,23.64995819,4.003520236,FEW,0,107.2,17.6,0.6,21.4,34.2,17.2,0.4,1.8,3.4,4.2,1.4,0,0,0.6,0,0,0,0,-0.094166667,0.392428571,2.999178082,2.6,9.4,6.5,21,5,8.7,11.23863014,10.6,20,16.6,17,5,18.536
KAMILS,2004,111,52,5.967741935,18.6,34.74827641,5.135227345,FEW,0,155.8,8.6,0,16.6,1.8,16.2,0,1.4,0.8,5,1.2,0,0,0.4,0.4,0,0.2,0.4,-0.0475,0.656828571,3.151944444,2.7,10.6,6.705,21,11,9.623,11.5795082,11.8,19,17.3,29,5,18.405
KAMILS,2005,93,14,5,18.6,47.12212071,6.366953733,FEW,0,88.6,8.6,0,13.4,10.8,37.8,0,1,1,2,1.2,0,0,0,0,0,0,0.8,-0.5625,-0.0987,3.063556851,2.7,9.1,5.5,9,2,7.474,11.67005495,11.5,19.3,17.17,25,7,18.6
KAMILS,2006,148,63,7.956989247,18.6,58.39191696,7.566221822,FEW,0,116.4,7.8,0,11.6,71.6,26.2,0.4,2.6,0.4,2.6,0.8,0,0,0,0.4,0,0,5.6,-0.708333333,0.577185714,3.235457064,2.7,9.7,6.7,22,3,8.34,11.39068493,10.8,20.2,16.7,17,6,18.436
KAMILS,2007,101,41,5.430107527,18.6,69.26140036,8.847429878,FEW,0,88.2,6.2,0,12.4,51.6,15,0.2,2,0.6,5,0.4,0,0,1,0,0,0,12.8,-1.305833333,-0.8802,3.20529595,2.8,9.4,6.3,15,3,8.2,10.64794521,10.2,18.7,16.5,15,1,17.836
KAMILS,2008,179,69,9.623655914,18.6,80.80601903,10.25004322,FEW,0.6,78.6,6,0.2,20,0,5,1.2,1.2,1.6,3,1.4,0.2,0,0,0,0,0,32.4,-1.745,-0.280185714,3.244636678,2.8,9.7,6.92,19,4,8.6,10.55491803,9.9,18.8,16.9,21,4,18.14
KAMILS,2009,256,94,13.76344086,18.6,91.20376816,11.52918484,ABUNDANT,0,162.2,4.8,17.4,12,8,1.8,0,1.4,1.8,1.6,1,0,0,0,0,0,0,17.2,-0.374166667,0.788271429,2.952676056,2.7,7.1,5.4,8,0,6.9,10.57589041,10.2,19.1,16,13,4,18.244
KAMILS,2010,247,139,13.27956989,18.6,98.63264298,12.43997774,FEW,4,122,28,1.4,8.4,41.2,17.2,0.4,1.6,2.2,5.4,1.4,0,0,0.6,0,0.6,0,0,-1.686666667,-1.3422,3.680924855,3.3,10,7.175,26,3,8.355,11.18,10.8,19.2,16.48,14,6,18.4
KAMILS,2011,396,218,21.29032258,18.6,103.7038358,13.04458291,ABUNDANT,0.8,151.8,24.4,6.8,28.8,13.8,6.6,0.2,4.4,0.6,3.2,1.4,0,0,1,0.2,0.6,0,27,-1.994166667,-0.362271429,3.333972603,3,9.7,6.6,22,3,8.4,10.82011019,10.8,18.5,16.5,7,1,17
KAMILS,2012,276,101,14.83870968,18.6,107.9704493,13.53588555,ABUNDANT,0.8,154.4,34.6,2.2,19.4,7.2,0.8,0,1.6,0.4,1.6,0.8,0,0,0,0,0,0,7.6,-1.3925,0.104157143,3.553846154,3.2,9.7,6.985,28,4,8.548,10.99232877,10.5,19,17.5,34,3,18.136
KAMILS,2013,239,109,12.84946237,18.6,111.0233444,13.86509502,FEW,43.4,93.6,26,0.6,14.4,0,2.2,0,0.8,4,5.6,1.2,0,0,0.2,0,0.2,0,0,-0.704166667,0.109885714,3.156289308,2.8,9,5.915,7,3,7.73,11.75260274,11.5,19.8,17.6,33,9,18.5
KAMILS,2014,206,75,11.07526882,18.6,112.4533817,13.98342068,FEW,0,146.2,18.2,0.6,15.6,2,1.2,0,0,0.8,3.6,0,0,0.2,0,0,0,0,4,1.008333333,0.903371429,2.8,2.6,7.7,5.2,3,0,6.238,11.56868132,11.8,19.4,17.655,29,9,18.8
KAMILS,2015,383,126,20.59139785,18.6,111.9925929,13.86059424,ABUNDANT,5.2,128.4,10.8,2,6.8,0.2,3.6,0.4,0,2.6,4.4,0,0,0.4,1.8,0.2,0,0,5.6,0.975,1.977171429,2.958630137,2.6,8.2,5.8,11,0,7.336,12.45357143,12.1,20.2,18,50,12,19
KAMILS,2016,164,27,8.817204301,18.6,109.8439062,13.52268642,FEW,0,116.2,5.8,1.6,5.4,1.4,12.6,2.8,0.4,5.2,3,0,0,0.6,26.8,0,1.2,0,17.4,0.025833333,0.189342857,2.320744681,2.1,6,4.3,0,0,5.413,12.06196721,12.6,20.1,18.76,38,22,19.496
KAMILS,2017,220,158,11.82795699,18.6,106.3045279,13.00541512,FEW,0,131.4,11.2,0,5.6,0.6,34.4,0.2,1,2.4,2.4,0.2,0,1,8.8,0.6,0,0,8.6,0.202,-0.273885714,3.254520548,2.7,10.3,6.68,23,2,7.908,10.86780186,10.9,19.2,17.58,20,6,18.756
KYUQUOTBAY,1988,0,0,0,40.9,0.577558609,0,ABSENT,0.6,0,0.4,0,0,0.6,8,19.4,1,1.2,6,1.8,0.6,0.2,275.4,0,0.8,35,0,-0.610833333,-1.074957143,NA,NA,NA,NA,NA,NA,NA,11.29125683,11.4,18.2,16.15,11,0,17
KYUQUOTBAY,1989,25,0,0.611246944,40.9,0.479406715,0.753034197,FEW,24.6,0,3.8,13.4,18,36.2,4.2,7.2,0.2,0.6,3.4,1.2,0.2,0.6,218.2,0,0.4,12.8,5.2,-0.5025,0.136871429,NA,NA,NA,NA,NA,NA,NA,10.80767123,11,18.1,16,11,0,17.672
KYUQUOTBAY,1990,173,3,4.229828851,40.9,0.41421973,1.899440806,FEW,25.2,0,5.8,8.8,14.4,37.2,0.2,4.4,0.4,0.6,3.2,0.4,0,0,275.6,0,0.2,11.8,0.6,-1.344166667,0.464885714,NA,NA,NA,NA,NA,NA,NA,11.4734072,11.2,18.9,16.6,16,4,18.18
KYUQUOTBAY,1991,50,0,1.222493888,40.9,0.383802184,2.975641812,FEW,54.8,0,21.4,6.8,97.6,39,0.8,11.8,0.4,0.2,2.2,1.2,0,0,269.6,0.2,1.2,0,0,0.120833333,1.441414286,NA,NA,NA,NA,NA,NA,NA,11.25371901,11,20,17.2,27,7,18.938
KYUQUOTBAY,1992,74,0,1.809290954,40.9,0.386545426,3.977125171,FEW,79,0,10.6,13.8,88.2,41.8,0,4.2,0,0.6,3.2,0.6,1.2,0.2,285.6,0,0.6,0,0.6,0.829166667,0.9243,NA,NA,NA,NA,NA,NA,NA,11.95765027,11.35,19.8,17.375,26,5,18.735
KYUQUOTBAY,1993,91,0,2.224938875,40.9,0.41933438,4.901303816,FEW,76.8,0,7,22.2,124.8,67.4,0.2,5.8,0.8,0.2,1.4,0.2,0.6,0,216.4,0,0,22.2,1,0.796666667,0.695885714,NA,NA,NA,NA,NA,NA,NA,11.22684932,10.6,20,16.6,16,6,19.036
KYUQUOTBAY,1994,397,0,9.706601467,40.9,0.481713937,5.751311273,ABUNDANT,50.4,0,13.8,26,216,136,1.4,2.2,0.6,0.4,2.4,0.4,0.2,0.2,0.6,0.2,0,9,2,-0.609166667,0.902828571,2.27,1.7,6.9,5.505,1,0,6.621,11.53616438,11.8,18.8,16.88,19,2,17.936
KYUQUOTBAY,1995,240,0,5.86797066,40.9,0.57322899,6.530281067,FEW,1,1.2,20.6,6.2,170.8,37.4,0,0.6,0,0.4,3,0.4,0,0,0,0,0,0,1,0.764166667,-0.3563,3.491212121,3.2,8.9,6.5,20,1,7.542,11.56520548,11,20.2,17.98,49,8,18.8
KYUQUOTBAY,1996,255,0,6.234718826,40.9,0.668758977,7.189706928,ABUNDANT,1,3.2,11.4,0.6,280.2,42.6,0,0.6,1.6,2.4,8,0,0,0,0,0,0,28.4,0.2,0.4975,0.224514286,3.16744186,2.85,9.5,5.8,6,1,7.099,11.64262295,11.05,17.8,16.8,17,0,17
KYUQUOTBAY,1997,361,0,8.826405868,40.9,0.769110618,7.724417817,ABUNDANT,1.2,0.2,16.4,0.4,182,1.8,0,0,0.4,0.6,4,0.4,0.4,0,0.4,0,0,0,4.4,0.973333333,2.371485714,3.170054945,2.75,11.1,6.4,18,5,8.907,10.91671233,10.4,18,16.36,12,0,17.4
KYUQUOTBAY,1998,388,0,9.486552567,40.9,0.912719731,8.202550107,ABUNDANT,0.6,4.2,10.8,0.2,199.8,33.8,0.2,0,2.2,1.2,5,0.6,0.2,0.2,0,0,0,10.4,0,-1.4075,-0.773342857,3.634821429,3.2,10.4,7.025,23,7,9.555,11.88282548,11.6,19.5,17.3,28,3,18.14
KYUQUOTBAY,1999,426,7,10.41564792,40.9,1.138022134,8.69224017,ABUNDANT,1.8,0.6,6,0,179.2,151.2,0,0.4,1.4,1.2,6.4,0.8,0,0.2,0.2,0,0,4.8,10,-1.548333333,-0.769557143,3.751851852,3.2,13,8.2,28,10,10.062,10.58873626,10.5,18.8,16.7,14,2,17.811
KYUQUOTBAY,2000,391,3,9.5599022,40.9,1.546854995,9.129124193,ABUNDANT,6,0.6,5.4,25.8,149.6,33.8,0,0.6,5,1.8,5.8,0.4,0.2,0,0,0,0,1.2,7,-0.885833333,-0.294757143,3.148484848,2.7,8.4,6.29,14,0,7.114,10.61420765,10.3,18.5,15.775,5,1,17.075
KYUQUOTBAY,2001,372,0,9.095354523,40.9,2.074518642,9.484432087,ABUNDANT,3.6,9.8,8.2,2.6,122.8,11.4,0,0.4,1.6,2.2,5.8,1.2,0.4,0,0.2,0,0,0,2.8,-1.43,0.160685714,2.988379205,2.7,9.7,5.97,10,2,7.448,10.58712329,10,17.7,15.5,2,0,16.5
KYUQUOTBAY,2002,417,1,10.19559902,40.9,2.509643634,9.879690802,ABUNDANT,7.4,2.4,15.2,4.4,94.2,16.4,0,0,0.4,1,3.4,1,0,0,0,0,0,0,0,0.3975,0.7845,3.286440678,2.8,9.9,6.4,16,2,7.441,10.54164384,9.8,17.5,16,5,0,16.936
KYUQUOTBAY,2003,293,0,7.163814181,40.9,2.803090019,10.3564953,ABUNDANT,2.4,1.2,3.4,0.6,97.8,24,0,0,1,0.8,3.4,0.6,0,0,0.4,0.2,0,0,0,-0.094166667,0.392428571,2.999178082,2.6,9.4,6.5,21,5,8.7,11.23863014,10.6,20,16.6,17,5,18.536
KYUQUOTBAY,2004,296,1,7.237163814,40.9,3.069951222,10.85125406,ABUNDANT,6.4,1,7.4,0.4,78.8,62.8,0.4,0,1,0.2,3.2,0.8,0.4,0,0.4,0,0,0,0.2,-0.0475,0.656828571,3.151944444,2.7,10.6,6.705,21,11,9.623,11.5795082,11.8,19,17.3,29,5,18.405
KYUQUOTBAY,2005,264,1,6.454767726,40.9,3.345207867,11.32771426,ABUNDANT,0.6,0,4.4,0,59,133.4,0,0,0.8,0.8,1.6,0,0,0,0,0,0,0,0.4,-0.5625,-0.0987,3.063556851,2.7,9.1,5.5,9,2,7.474,11.67005495,11.5,19.3,17.17,25,7,18.6
KYUQUOTBAY,2006,900,14,22.00488998,40.9,3.663840576,11.74962312,ABUNDANT,22.2,0,7.8,0,43.6,259.6,0.2,0,0,1.6,3.2,0.4,0,0,0,0.2,0,0,2,-0.708333333,0.577185714,3.235457064,2.7,9.7,6.7,22,3,8.34,11.39068493,10.8,20.2,16.7,17,6,18.436
KYUQUOTBAY,2007,566,4,13.83863081,40.9,4.102681643,12.08460475,ABUNDANT,25.4,0.2,11.6,0.8,41.4,156.2,0,0,2.4,2.6,4.6,0.6,0,0,0.6,0,0,0,4,-1.305833333,-0.8802,3.20529595,2.8,9.4,6.3,15,3,8.2,10.64794521,10.2,18.7,16.5,15,1,17.836
KYUQUOTBAY,2008,701,4,17.1393643,40.9,4.618681361,12.3743202,ABUNDANT,44.6,0.6,2.6,17.8,15.8,218.6,0.2,0,0.6,0.6,3.8,0.2,0,0,0,0,0,0,82.4,-1.745,-0.280185714,3.244636678,2.8,9.7,6.92,19,4,8.6,10.55491803,9.9,18.8,16.9,21,4,18.14
KYUQUOTBAY,2009,265,3,6.479217604,40.9,5.066997352,12.69357212,ABUNDANT,35.2,4.8,4.2,7.6,38,109.6,3.4,0,1.2,2,4,0.4,0,0,0,0,0,0,104.6,-0.374166667,0.788271429,2.952676056,2.7,7.1,5.4,8,0,6.9,10.57589041,10.2,19.1,16,13,4,18.244
KYUQUOTBAY,2010,539,1,13.17848411,40.9,5.302787236,13.1171631,ABUNDANT,57.4,0.8,1.8,4.4,78.4,29.2,0,0,0.4,3.6,0.4,0.6,0,0,0,0,0,0,0.4,-1.686666667,-1.3422,3.680924855,3.3,10,7.175,26,3,8.355,11.18,10.8,19.2,16.48,14,6,18.4
KYUQUOTBAY,2011,515,1,12.59168704,40.9,5.347628514,13.62565308,ABUNDANT,43.8,12.8,4.4,4,72.2,74.4,0,0,1,1.4,3.6,0.6,0.6,0,0.6,0,0.2,0,0,-1.994166667,-0.362271429,3.333972603,3,9.7,6.6,22,3,8.4,10.82011019,10.8,18.5,16.5,7,1,17
KYUQUOTBAY,2012,507,19,12.39608802,40.9,5.311504213,14.16431211,ABUNDANT,20.2,20.8,8.8,1.8,79.6,49.2,0,0.2,0.4,0.2,4,0,0.2,0,0.4,0,0.2,0,2.2,-1.3925,0.104157143,3.553846154,3.2,9.7,6.985,28,4,8.548,10.99232877,10.5,19,17.5,34,3,18.136
KYUQUOTBAY,2013,563,5,13.76528117,40.9,5.182180241,14.75500807,ABUNDANT,5.4,67.6,19.8,1,62.8,25.8,0,0,0.6,1.6,3.4,0.4,0,0,0.4,0,0.2,0,0,-0.704166667,0.109885714,3.156289308,2.8,9,5.915,7,3,7.73,11.75260274,11.5,19.8,17.6,33,9,18.5
KYUQUOTBAY,2014,621,2,15.18337408,40.9,4.947422504,15.41960882,ABUNDANT,8.4,29.8,5.4,0.4,67.6,67.6,0,0,0.8,1,5,0,0,0,0,0,0,0,1.6,1.008333333,0.903371429,2.8,2.6,7.7,5.2,3,0,6.238,11.56868132,11.8,19.4,17.655,29,9,18.8
KYUQUOTBAY,2015,605,2,14.79217604,40.9,4.599413279,16.17346684,ABUNDANT,6,4.2,11,0.2,58,46,0,0.2,0,2.6,5,0.8,0,0,0.8,0,0.4,0,0,0.975,1.977171429,2.958630137,2.6,8.2,5.8,11,0,7.336,12.45357143,12.1,20.2,18,50,12,19
KYUQUOTBAY,2016,658,6,16.08801956,40.9,4.143927514,17.0072721,ABUNDANT,0.6,11,7.4,0.2,42.8,42.8,0.4,0.2,0.2,3,2.8,0,0,0,6,0,1.8,0,0.4,0.025833333,0.189342857,2.320744681,2.1,6,4.3,0,0,5.413,12.06196721,12.6,20.1,18.76,38,22,19.496
KYUQUOTBAY,2017,862,3,21.07579462,40.9,3.589120123,17.90589872,ABUNDANT,1.4,9.2,11.2,0,33,17.2,0,0.8,0.2,2,4.8,0.2,0.2,0,8.4,0.8,1.4,0,0.4,0.202,-0.273885714,3.254520548,2.7,10.3,6.68,23,2,7.908,10.86780186,10.9,19.2,17.58,20,6,18.756
MQUINNA ,1987,139,3,1.362745098,102,2.782230992,1.391422423,FEW,0,0,0,0,0,0,1.4,1.2,2.4,0.2,3.2,1,0,0,182.8,3,0,0,0,1.44,0.884657143,NA,NA,NA,NA,NA,NA,NA,13.08534483,12.9,18.2,16,2,0,17.65
MQUINNA ,1988,153,1,1.5,102,1.984256314,1.582505574,FEW,0,0,2.4,0,0,0,0,0.2,4.8,0,7.2,0,0.4,0.2,256.4,0.6,0,0,0,-0.610833333,-1.074957143,NA,NA,NA,NA,NA,NA,NA,11.29125683,11.4,18.2,16.15,11,0,17
MQUINNA ,1989,211,3,2.068627451,102,1.345339408,1.65913916,FEW,42,0,12.6,0,196.6,0,0,0,1.6,0,3.2,0,0,0,0.2,0,0.2,0,48.2,-0.5025,0.136871429,NA,NA,NA,NA,NA,NA,NA,10.80767123,11,18.1,16,11,0,17.672
MQUINNA ,1990,137,0,1.343137255,102,1.010996732,1.647824084,FEW ,31.4,0,238.8,0,370.2,0,0,0,3,0.2,2,0.2,0,0,0,0,0,0,0,-1.344166667,0.464885714,NA,NA,NA,NA,NA,NA,NA,11.4734072,11.2,18.9,16.6,16,4,18.18
MQUINNA ,1991,153,0.6,1.487349536,102,0.601131884,1.487349536,ABSENT,1,0,285.2,0,320.8,0.6,0.2,0,1.4,0.6,2.8,0,0.2,0,0,0.2,0,0,0,0.120833333,1.441414286,NA,NA,NA,NA,NA,NA,NA,11.25371901,11,20,17.2,27,7,18.938
MQUINNA ,1992,134,1.6,1.312692659,102,1.61106247,1.312692659,ABSENT,0,4.2,233,0,272.4,7.6,0,0,3,1.6,3,0,0.4,0,0,0,0,0,0,0.829166667,0.9243,NA,NA,NA,NA,NA,NA,NA,11.95765027,11.35,19.8,17.375,26,5,18.735
NO NAME ,1988,201,12,1.010050251,199,2.735546332,0.922080267,FEW,9,63,22,0.8,202.6,5.2,2.6,0,1.2,1.2,6.2,0,0.2,0,0,0,0,0.8,13.6,-0.610833333,-1.074957143,NA,NA,NA,NA,NA,NA,NA,11.29125683,11.4,18.2,16.15,11,0,17
NO NAME ,1989,329,0,1.653266332,199,2.782761469,1.141081872,ABUNDANT,0,99.2,67.4,0,151.6,1.4,7.6,0.2,1,3.2,4.8,2.2,0.4,0,4.2,0,0,0,10.8,-0.5025,0.136871429,NA,NA,NA,NA,NA,NA,NA,10.80767123,11,18.1,16,11,0,17.672
NO NAME ,1990,288,1,1.447236181,199,3.005097981,1.357550648,ABUNDANT,0,83.6,17.6,0,125.4,0.4,9,0.2,3,1,5.4,2.8,0.4,0,0,0,0,0,2,-1.344166667,0.464885714,NA,NA,NA,NA,NA,NA,NA,11.4734072,11.2,18.9,16.6,16,4,18.18
NO NAME ,1991,230,1,1.155778894,199,3.472257189,1.573318777,FEW,0,102.6,14.2,0,105.4,0,10.8,0.4,1.4,1.8,4.2,1.6,0.4,0,0.2,0,0,0,0,0.120833333,1.441414286,NA,NA,NA,NA,NA,NA,NA,11.25371901,11,20,17.2,27,7,18.938
NO NAME ,1992,257,0,1.291457286,199,4.246779665,1.789024255,ABUNDANT,0,41.6,6.4,0,74.4,0,5,0,2.8,2.4,6.2,1.2,1.8,0,0.2,0,0,0,1.6,0.829166667,0.9243,NA,NA,NA,NA,NA,NA,NA,11.95765027,11.35,19.8,17.375,26,5,18.735
NO NAME ,1993,272,1,1.366834171,199,5.266643572,2.002461517,ABUNDANT,0,102.8,6.6,0,74,0,1.6,1,1.4,1.6,3.8,0.6,0,0,0,0,0,3.8,0,0.796666667,0.695885714,NA,NA,NA,NA,NA,NA,NA,11.22684932,10.6,20,16.6,16,6,19.036
NO NAME ,1994,413,3,2.075376884,199,6.414706618,2.211197389,ABUNDANT,0,177.8,0.4,0,48.8,0,5.8,0.2,0.2,1.8,4.8,0.4,0.2,0,0,0,0,0,0,-0.609166667,0.902828571,2.27,1.7,6.9,5.505,1,0,6.621,11.53616438,11.8,18.8,16.88,19,2,17.936
NO NAME ,1995,530,7,2.663316583,199,7.57382651,2.412798702,ABUNDANT,0,143.8,1.4,0,28.8,0,0,0,0.2,0.8,1.6,0.2,0.4,0,0,0,0,0,0.4,0.764166667,-0.3563,3.491212121,3.2,8.9,6.5,20,1,7.542,11.56520548,11,20.2,17.98,49,8,18.8
NO NAME ,1996,576,3,2.894472362,199,9.145809149,2.621290722,ABUNDANT,27.2,443.6,8.6,3.2,148,289.2,4.4,0.2,0.6,1.2,4,0.4,0,0,0.2,0,0,2.4,53.8,0.4975,0.224514286,3.16744186,2.85,9.5,5.8,6,1,7.099,11.64262295,11.05,17.8,16.8,17,0,17
NO NAME ,1997,596,11,2.994974874,199,11.24172064,2.840187018,ABUNDANT,0,141.6,3.2,0,109.6,0,17,0,1,2.6,3.4,0.6,0,0,0,0,0,0.6,4.2,0.973333333,2.371485714,3.170054945,2.75,11.1,6.4,18,5,8.907,10.91671233,10.4,18,16.36,12,0,17.4
NO NAME ,1998,668,1,3.35678392,199,13.30830902,3.051286876,ABUNDANT,0.4,103.6,3.6,0.8,44.2,741.2,63,0.2,1.8,1.6,2,0.4,0.2,0,0.2,0,0,0.2,34.2,-1.4075,-0.773342857,3.634821429,3.2,10.4,7.025,23,7,9.555,11.88282548,11.6,19.5,17.3,28,3,18.14
NO NAME ,1999,714,48,3.587939698,199,14.7923223,3.23638958,ABUNDANT,0,177,2.8,0,42.6,5.2,120.6,0,2.6,3.4,7,1.4,1,0,0.6,0,0,0.6,10.2,-1.548333333,-0.769557143,3.751851852,3.2,13,8.2,28,10,10.062,10.58873626,10.5,18.8,16.7,14,2,17.811
NO NAME ,2000,590,14,2.964824121,199,15.61243426,3.379159961,ABUNDANT,10.2,212.8,4.8,1.4,31.2,158.8,67.4,0,0.6,1.8,3.6,1.2,0.2,0,0.2,0,0,0,52.2,-0.885833333,-0.294757143,3.148484848,2.7,8.4,6.29,14,0,7.114,10.61420765,10.3,18.5,15.775,5,1,17.075
NO NAME ,2001,663,5,3.331658291,199,16.09879892,3.490904643,ABUNDANT,7.4,133.4,22.4,0,26.4,16.8,111.6,0.2,0.6,1.2,2.6,0,0,0,0,0,0,0,17.8,-1.43,0.160685714,2.988379205,2.7,9.7,5.97,10,2,7.448,10.58712329,10,17.7,15.5,2,0,16.5
NO NAME ,2002,667,13,3.351758794,199,16.31538466,3.594885598,ABUNDANT,0.8,126.2,12.8,0,28.6,0,27.6,0.6,0.6,2.2,2.4,0.8,0.6,0,0,0,0,0,0.8,0.3975,0.7845,3.286440678,2.8,9.9,6.4,16,2,7.441,10.54164384,9.8,17.5,16,5,0,16.936
NO NAME ,2003,723,21,3.633165829,199,15.86123732,3.67306976,ABUNDANT,15.4,141.2,4.4,0.4,29.2,47.6,24.6,0.4,0.2,3.4,3.6,1,0.4,0,0,0,0,0,21.6,-0.094166667,0.392428571,2.999178082,2.6,9.4,6.5,21,5,8.7,11.23863014,10.6,20,16.6,17,5,18.536
NO NAME ,2004,740,12,3.718592965,199,14.67775131,3.716838916,ABUNDANT,0,147.8,9,0,35,0.4,42.6,0.6,1.8,2,3.6,0.6,0.6,0,0,0,0,0,8.4,-0.0475,0.656828571,3.151944444,2.7,10.6,6.705,21,11,9.623,11.5795082,11.8,19,17.3,29,5,18.405
NO NAME ,2005,824,17,4.140703518,199,13.34241783,3.763577324,ABUNDANT,2.2,122.4,22.6,0,39.4,140.8,9.2,0,0.6,2.2,2.2,0.6,0.2,0,0,0,0,0,8.4,-0.5625,-0.0987,3.063556851,2.7,9.1,5.5,9,2,7.474,11.67005495,11.5,19.3,17.17,25,7,18.6
NO NAME ,2006,720,12,3.618090452,199,12.4327281,3.850669241,ABUNDANT,0,126.8,18,0,21.6,24.2,18.6,0.4,1,1.6,2,0.4,0,0,0.2,0,0,0,14.2,-0.708333333,0.577185714,3.235457064,2.7,9.7,6.7,22,3,8.34,11.39068493,10.8,20.2,16.7,17,6,18.436
NO NAME ,2007,949,6,4.768844221,199,11.8579453,3.973392638,ABUNDANT,0,86.4,9.4,0,33.8,10,14.4,0.2,2,3.6,6.8,0.2,0.2,0,0.2,0.2,0,0,0,-1.305833333,-0.8802,3.20529595,2.8,9.4,6.3,15,3,8.2,10.64794521,10.2,18.7,16.5,15,1,17.836
NO NAME ,2008,882,15,4.432160804,199,11.27474161,4.106569083,ABUNDANT,6.4,51.6,6,0,29,358,8,0,0.2,0.8,4.2,0.6,0,0,0,0.2,0.2,0,7.6,-1.745,-0.280185714,3.244636678,2.8,9.7,6.92,19,4,8.6,10.55491803,9.9,18.8,16.9,21,4,18.14
NO NAME ,2009,530,5,2.663316583,199,10.88172172,4.25689823,ABUNDANT,7.6,117.8,32.6,2,62.8,42.4,26.4,0.4,2.2,2,4.8,1.2,0.2,0,0,0,0,0,239,-0.374166667,0.788271429,2.952676056,2.7,7.1,5.4,8,0,6.9,10.57589041,10.2,19.1,16,13,4,18.244
NO NAME ,2010,890,22,4.472361809,199,10.87749031,4.431079734,ABUNDANT,98.6,81.6,0.8,0.8,373.2,115.6,12,0,3,2.4,3,0.2,0,0,0,0,0,0,3.2,-1.686666667,-1.3422,3.680924855,3.3,10,7.175,26,3,8.355,11.18,10.8,19.2,16.48,14,6,18.4
NO NAME ,2011,909,8,4.567839196,199,11.23455151,4.626800395,ABUNDANT,0,151,3.6,0,254,0.4,12.8,1,2.8,2.8,7.4,0.4,0,0,0.2,0,0.4,0,3,-1.994166667,-0.362271429,3.333972603,3,9.7,6.6,22,3,8.4,10.82011019,10.8,18.5,16.5,7,1,17
NO NAME ,2012,946,7,4.753768844,199,11.80775819,4.83960524,ABUNDANT,0,118.2,12,5.2,227.4,29.2,2.2,0.2,0.8,2,3.2,0,0,0,0,0,0,0,4.2,-1.3925,0.104157143,3.553846154,3.2,9.7,6.985,28,4,8.548,10.99232877,10.5,19,17.5,34,3,18.136
NO NAME ,2013,1152,9,5.788944724,199,12.61923818,5.072981257,ABUNDANT,0,107,14.6,0.6,107.8,1,4,0,1.4,0.6,5.6,0,0,0,0,0,0,0,8,-0.704166667,0.109885714,3.156289308,2.8,9,5.915,7,3,7.73,11.75260274,11.5,19.8,17.6,33,9,18.5
NO NAME ,2014,1099,16,5.522613065,199,13.69111931,5.330415437,ABUNDANT,6.2,137.4,17,1.2,146.8,15,0,0.2,1,2.2,2.6,1,0,0,0,0,0,0,9.4,1.008333333,0.903371429,2.8,2.6,7.7,5.2,3,0,6.238,11.56868132,11.8,19.4,17.655,29,9,18.8
NO NAME ,2015,1005,14,5.050251256,199,15.03730901,5.613226244,ABUNDANT,0,77.4,16.6,1,62.4,4,0.2,0,0.2,1.4,1.2,0,0,0,0.2,0,0,0,6,0.975,1.977171429,2.958630137,2.6,8.2,5.8,11,0,7.336,12.45357143,12.1,20.2,18,50,12,19
NO NAME ,2016,1156,16,5.809045226,199,16.64731935,5.919172744,ABUNDANT,0,112.2,8,0,69.4,0,0,0.4,0.6,2.6,1.6,0,0,0.6,1.2,0,0,0,6,0.025833333,0.189342857,2.320744681,2.1,6,4.3,0,0,5.413,12.06196721,12.6,20.1,18.76,38,22,19.496
NO NAME ,2017,1285,21,6.457286432,199,18.50668518,6.246402834,ABUNDANT,28.2,137,7.2,0,64.2,0,0.4,2.6,0.4,4.4,5,0,0.4,0,1,0.2,0.6,0.2,4.4,0.202,-0.273885714,3.254520548,2.7,10.3,6.68,23,2,7.908,10.86780186,10.9,19.2,17.58,20,6,18.756
TAYLOR,1987,0,0,0,NA,0,0,ABSENT,0.6,0,0,0,0,1,3.2,4,0.6,0.8,0,0.4,0,0.2,60.6,0,0,0,0.8,1.44,0.884657143,NA,NA,NA,NA,NA,NA,NA,13.08534483,12.9,18.2,16,2,0,17.65
TAYLOR,1988,0,0,0,NA,0,0,ABSENT,0.8,0,0,0,0,0,2.6,4.6,0,1,0,0.8,0,0.2,73,0.2,0,0,5.8,-0.610833333,-1.074957143,NA,NA,NA,NA,NA,NA,NA,11.29125683,11.4,18.2,16.15,11,0,17
TAYLOR,1989,0,0,0,NA,0,0,ABSENT,4.6,0.4,0,0,1,0.8,1,5.4,0.2,0.6,0.6,0,0.2,0.6,69.8,0,0,0,0,-0.5025,0.136871429,NA,NA,NA,NA,NA,NA,NA,10.80767123,11,18.1,16,11,0,17.672
TAYLOR,1990,0,0,0,NA,0,0,ABSENT,0,0,0,0.2,0,0,6,3.4,0,0.2,0.8,0.2,0.4,1,90.8,0.4,0,0,0,-1.344166667,0.464885714,NA,NA,NA,NA,NA,NA,NA,11.4734072,11.2,18.9,16.6,16,4,18.18
TAYLOR,1992,0,0,0,NA,0,0,ABSENT,0,0,0,0.2,0,0,6.4,10.4,0.8,1.8,3,0.8,0,1.8,59.4,1,0,0,0.2,0.829166667,0.9243,NA,NA,NA,NA,NA,NA,NA,11.95765027,11.35,19.8,17.375,26,5,18.735
TAYLOR,1993,0,0,0,NA,0,0,ABSENT,5.4,0,0.2,0,0.4,14,10.6,8.4,0.8,1.6,1.8,0.8,0.2,1.4,82,0,0,0.2,3.2,0.796666667,0.695885714,NA,NA,NA,NA,NA,NA,NA,11.22684932,10.6,20,16.6,16,6,19.036
TAYLOR,1994,0,0,0,NA,0,0,ABSENT,0,0,0,0,0,0,7,8.6,0.2,0.8,2.8,1.2,0.2,1.2,124.6,0.2,0,0.6,0,-0.609166667,0.902828571,2.27,1.7,6.9,5.505,1,0,6.621,11.53616438,11.8,18.8,16.88,19,2,17.936
TAYLOR,1995,0,0,0,NA,0,0,ABSENT,0,0,0,0,0,0,8.2,7,0.2,0.2,1.4,0.4,1.4,0.8,87.2,0,0,0,0,0.764166667,-0.3563,3.491212121,3.2,8.9,6.5,20,1,7.542,11.56520548,11,20.2,17.98,49,8,18.8
TAYLOR,1996,0,0,0,NA,0,0,ABSENT,0.4,0,0,0,0,2.8,10.8,10.6,0.8,0.6,3,0.8,1,2.6,117.6,0,0,1.6,0,0.4975,0.224514286,3.16744186,2.85,9.5,5.8,6,1,7.099,11.64262295,11.05,17.8,16.8,17,0,17
TAYLOR,1997,0,0,0,NA,0,0,ABSENT,1.2,0,0.6,0,0,0.8,9.8,4.6,0.4,3.4,2.6,1.6,0.8,3.4,96,0,0,0,0,0.973333333,2.371485714,3.170054945,2.75,11.1,6.4,18,5,8.907,10.91671233,10.4,18,16.36,12,0,17.4
TAYLOR,1998,0,0,0,NA,0,0,ABSENT,0,0,0,0,0,0,21.6,12,1.6,1.6,1.6,1.4,1.2,1,106.8,0,0,0,0,-1.4075,-0.773342857,3.634821429,3.2,10.4,7.025,23,7,9.555,11.88282548,11.6,19.5,17.3,28,3,18.14
TAYLOR,1999,0,0,0,NA,0,0,ABSENT,0,0,0,0,0,2.6,4.2,15.2,1,1.6,0.2,0.8,1.2,1.6,105.8,0,0,0,0.4,-1.548333333,-0.769557143,3.751851852,3.2,13,8.2,28,10,10.062,10.58873626,10.5,18.8,16.7,14,2,17.811
TAYLOR,2000,0,0,0,NA,0,0,ABSENT,0,0,0,0,0,0,13.4,10,1,1.2,1.2,2,1.2,2.4,84,0,0,0,0,-0.885833333,-0.294757143,3.148484848,2.7,8.4,6.29,14,0,7.114,10.61420765,10.3,18.5,15.775,5,1,17.075
TAYLOR,2001,0,0,0,NA,0,0,ABSENT,0.4,0,0,0,0,0,27,8.8,0.2,2,1.6,1,0.2,1.6,96.2,0,0,0.4,0,-1.43,0.160685714,2.988379205,2.7,9.7,5.97,10,2,7.448,10.58712329,10,17.7,15.5,2,0,16.5
TAYLOR,2002,0,0,0,NA,0,0,ABSENT,0,0,0,0,0,0,17.8,6.4,1.4,1.8,1.2,1.6,0.6,2.6,87,0,0,0,0,0.3975,0.7845,3.286440678,2.8,9.9,6.4,16,2,7.441,10.54164384,9.8,17.5,16,5,0,16.936
TAYLOR,2003,0,0,0,NA,0,0,ABSENT,0,0,0,0,0,0,26.2,8.2,2.8,2,1.4,0.8,0.4,1.4,96,0.2,0,0,0,-0.094166667,0.392428571,2.999178082,2.6,9.4,6.5,21,5,8.7,11.23863014,10.6,20,16.6,17,5,18.536
TAYLOR,2004,0,0,0,NA,0,0,ABSENT,0,0,0,0,0,0,17,13,3,2,0.8,1.6,0.6,0.6,90.8,0,0,0,0,-0.0475,0.656828571,3.151944444,2.7,10.6,6.705,21,11,9.623,11.5795082,11.8,19,17.3,29,5,18.405
TAYLOR,2005,0,0,0,NA,0,0,ABSENT,0,0,0,0,0,0,27.6,7.8,1.8,0.6,0.8,1,0,0.4,63.6,0,0,0,0,-0.5625,-0.0987,3.063556851,2.7,9.1,5.5,9,2,7.474,11.67005495,11.5,19.3,17.17,25,7,18.6
TAYLOR,2006,0,0,0,NA,0,0,ABSENT,0,0,0,0,0,1.2,9.4,2.4,0.8,0.6,1.4,0.4,0.2,1.2,97.8,0,0,0,0,-0.708333333,0.577185714,3.235457064,2.7,9.7,6.7,22,3,8.34,11.39068493,10.8,20.2,16.7,17,6,18.436
TAYLOR,2007,0,0,0,NA,0,0,ABSENT,0,0,0,0,0,0,18,7.2,0.4,0.6,0.8,0.4,0,0.6,80.6,0,0,0,0,-1.305833333,-0.8802,3.20529595,2.8,9.4,6.3,15,3,8.2,10.64794521,10.2,18.7,16.5,15,1,17.836
TAYLOR,2008,0,0,0,NA,0,0,ABSENT,20.8,0,0.2,0.6,0,164.6,7.6,2.6,2.6,0.2,0.8,1.6,0,0.4,89,0,0,0,1.8,-1.745,-0.280185714,3.244636678,2.8,9.7,6.92,19,4,8.6,10.55491803,9.9,18.8,16.9,21,4,18.14
TAYLOR,2009,0,0,0,NA,0,0,ABSENT,0,0,0,0,0,0,7.8,9,0.8,1.2,1.4,1.4,0.4,1.4,84,0.2,0,0,0.4,-0.374166667,0.788271429,2.952676056,2.7,7.1,5.4,8,0,6.9,10.57589041,10.2,19.1,16,13,4,18.244
TAYLOR,2010,0,0,0,NA,0,0,ABSENT,0,0,0,0,0,0,7.2,7.4,3.6,1.2,1.6,1,1.4,69.6,69.6,0,0,0,0,-1.686666667,-1.3422,3.680924855,3.3,10,7.175,26,3,8.355,11.18,10.8,19.2,16.48,14,6,18.4
TAYLOR,2011,0,0,0,NA,0,0,ABSENT,3.6,0,0,0,0,1.6,2.4,29.8,1,4.2,3,1.6,0.4,0.2,112.2,0,0,0,0.2,-1.994166667,-0.362271429,3.333972603,3,9.7,6.6,22,3,8.4,10.82011019,10.8,18.5,16.5,7,1,17
TAYLOR,2012,0,0,0,NA,0,0,ABSENT,6.2,0,0,0,0,21.8,4,21.2,2.6,2.6,2,1,0.2,1.4,108.4,0,0,0,0,-1.3925,0.104157143,3.553846154,3.2,9.7,6.985,28,4,8.548,10.99232877,10.5,19,17.5,34,3,18.136
TAYLOR,2013,0,0,0,NA,0,0,ABSENT,0,0,0,0,0,0,1.8,21.4,0.8,0.8,1.2,1.4,0,1,81.6,0.2,0,0,0,-0.704166667,0.109885714,3.156289308,2.8,9,5.915,7,3,7.73,11.75260274,11.5,19.8,17.6,33,9,18.5
TAYLOR,2014,0,0,0,NA,0,0,ABSENT,0,0,0,0,0,0.2,1.6,25.6,0,0.8,0.6,0.2,0,0.4,63.4,0.6,0,0,0,1.008333333,0.903371429,2.8,2.6,7.7,5.2,3,0,6.238,11.56868132,11.8,19.4,17.655,29,9,18.8
TAYLOR,2015,0,0,0,NA,0,0,ABSENT,0,0,0,0,0,0,0.8,25.4,0,1,1.4,0,0.2,2,70,1,0.8,0,0,0.975,1.977171429,2.958630137,2.6,8.2,5.8,11,0,7.336,12.45357143,12.1,20.2,18,50,12,19
TAYLOR,2016,0,0,0,NA,0,0,ABSENT,0,0,0,0,0,0,1.6,21.8,0,1,1.4,0.8,0.2,1.4,81.6,0.6,1.6,0,0,0.025833333,0.189342857,2.320744681,2.1,6,4.3,0,0,5.413,12.06196721,12.6,20.1,18.76,38,22,19.496
TAYLOR,2017,0,0,0,NA,0,0,ABSENT,0,0,0,0,0,0,1.8,4.4,0,3.2,0.8,0.6,0.2,2,75.8,1.2,2.4,0.4,0,0.202,-0.273885714,3.254520548,2.7,10.3,6.68,23,2,7.908,10.86780186,10.9,19.2,17.58,20,6,18.756
UNION,1988,0,0,0,40.9,6.623499875,0,ABSENT,0,0,0,0,0,1.4,20.2,1.4,0.8,0,2.6,0.6,0,0.8,110.2,0.6,0,0,0,-0.610833333,-1.074957143,NA,NA,NA,NA,NA,NA,NA,11.29125683,11.4,18.2,16.15,11,0,17
UNION,1989,25,1,0.611246944,40.9,5.625019971,0.753034197,FEW,4.2,0.6,0.2,2,0,6.4,26.6,0.4,0.4,0,1.2,1.2,0,1.2,143.4,0.4,0,1,0.4,-0.5025,0.136871429,NA,NA,NA,NA,NA,NA,NA,10.80767123,11,18.1,16,11,0,17.672
UNION,1990,173,24,4.229828851,40.9,4.698601824,1.899440806,FEW,159.2,1.2,32,10.4,12.4,39.6,4.4,0.2,0.4,0,1,0.4,0,0,0.6,0,0,0,17,-1.344166667,0.464885714,NA,NA,NA,NA,NA,NA,NA,11.4734072,11.2,18.9,16.6,16,4,18.18
UNION,1991,50,3,1.222493888,40.9,3.839815631,2.975641812,FEW,64.2,7.8,32.2,0,52.8,40.6,15.4,0.8,0.2,0,1.4,0.8,0,0,1.4,0,0,0,14.4,0.120833333,1.441414286,NA,NA,NA,NA,NA,NA,NA,11.25371901,11,20,17.2,27,7,18.938
UNION,1992,74,1,1.809290954,40.9,3.040203663,3.977125171,FEW,5.4,9.8,26.4,0,71.8,8.4,5,0.8,0.2,0,0.6,0.4,0,0.2,1.4,0.2,0,0,2.8,0.829166667,0.9243,NA,NA,NA,NA,NA,NA,NA,11.95765027,11.35,19.8,17.375,26,5,18.735
UNION,1993,91,0,2.224938875,40.9,2.301409374,4.901303816,FEW,1.6,21.4,31.6,0,85.4,0.2,2,1.6,0,0,1.4,0.6,0,0,0,0,0.4,0.2,1.8,0.796666667,0.695885714,NA,NA,NA,NA,NA,NA,NA,11.22684932,10.6,20,16.6,16,6,19.036
UNION,1994,397,0,9.706601467,40.9,1.634154732,5.751311273,ABUNDANT,1.8,33,12.8,0,46.6,23.6,3.6,0.4,0.2,0,0.6,0,0,0.4,0.2,0.2,0,0,0.6,-0.609166667,0.902828571,2.27,1.7,6.9,5.505,1,0,6.621,11.53616438,11.8,18.8,16.88,19,2,17.936
UNION,1995,240,0,5.86797066,40.9,1.049161709,6.530281067,FEW,6,52.8,22.2,0.6,31,5,0.6,0.2,1,0,1,0.4,0,0,0.6,0.2,0,0,5.4,0.764166667,-0.3563,3.491212121,3.2,8.9,6.5,20,1,7.542,11.56520548,11,20.2,17.98,49,8,18.8
UNION,1996,255,0,6.234718826,40.9,0.543296709,7.189706928,ABUNDANT,1.8,37.8,12.6,0,76.2,6.4,0,0,0.8,0,0.6,0.4,0,0,0.2,0,0,0,7.6,0.4975,0.224514286,3.16744186,2.85,9.5,5.8,6,1,7.099,11.64262295,11.05,17.8,16.8,17,0,17
UNION,1997,361,0,8.826405868,40.9,0.125712398,7.724417817,ABUNDANT,0,63,3.8,0,75.6,0,0,0,1.4,0,2.2,0,0.4,0,0.8,0,0,0,1,0.973333333,2.371485714,3.170054945,2.75,11.1,6.4,18,5,8.907,10.91671233,10.4,18,16.36,12,0,17.4
UNION,1998,388,0,9.486552567,40.9,0,8.202550107,ABUNDANT,1,19,2.8,0,66.8,8.4,5.4,0,0.2,0.8,0.8,0.2,0,0,0.8,0.2,0,0.4,3.6,-1.4075,-0.773342857,3.634821429,3.2,10.4,7.025,23,7,9.555,11.88282548,11.6,19.5,17.3,28,3,18.14
UNION,1999,426,0,10.41564792,40.9,0,8.69224017,ABUNDANT,0.2,79,1,0,62.2,13,21.8,0,2.4,0.2,6.2,0.8,0,0,2,0,0,1.2,6.4,-1.548333333,-0.769557143,3.751851852,3.2,13,8.2,28,10,10.062,10.58873626,10.5,18.8,16.7,14,2,17.811
UNION,2000,391,0,9.5599022,40.9,0,9.129124193,ABUNDANT,11,23,4.2,0,55,0.6,27.6,0,1.6,0.2,4.2,0.8,0,0,0.2,0.2,0.2,0,1.4,-0.885833333,-0.294757143,3.148484848,2.7,8.4,6.29,14,0,7.114,10.61420765,10.3,18.5,15.775,5,1,17.075
UNION,2001,372,0,9.095354523,40.9,0,9.484432087,ABUNDANT,0,42.4,1.6,0,43,0,20.4,0,1.4,0.6,3,0.6,0,0.2,0,0,0,0,0,-1.43,0.160685714,2.988379205,2.7,9.7,5.97,10,2,7.448,10.58712329,10,17.7,15.5,2,0,16.5
UNION,2002,417,1,10.19559902,40.9,0.177191038,9.879690802,ABUNDANT,12.2,31.8,1.6,0,54.6,0.4,34,0.2,0.6,0,1.8,1,0,0,0.4,0,0,0,0.2,0.3975,0.7845,3.286440678,2.8,9.9,6.4,16,2,7.441,10.54164384,9.8,17.5,16,5,0,16.936
UNION,2003,293,0,7.163814181,40.9,0.48776313,10.3564953,ABUNDANT,1.6,60,2,0,43,0.2,16,0.4,1.2,1,1,0.4,0,0,0.8,0.2,0,0,1.4,-0.094166667,0.392428571,2.999178082,2.6,9.4,6.5,21,5,8.7,11.23863014,10.6,20,16.6,17,5,18.536
UNION,2004,296,2,7.237163814,40.9,0.940506385,10.85125406,ABUNDANT,1.8,61,6.6,0,43.2,7.8,13.6,0.2,0.6,0.4,1.6,1.4,0.2,0,0,0.2,0,0,1.6,-0.0475,0.656828571,3.151944444,2.7,10.6,6.705,21,11,9.623,11.5795082,11.8,19,17.3,29,5,18.405
UNION,2005,264,0,6.454767726,40.9,1.395660819,11.32771426,ABUNDANT,0.2,58.4,13.8,0,26.8,11.2,4.4,0,0.8,0.4,2.8,0.4,0,0,0,0.4,0,0,0,-0.5625,-0.0987,3.063556851,2.7,9.1,5.5,9,2,7.474,11.67005495,11.5,19.3,17.17,25,7,18.6
UNION,2006,900,0,22.00488998,40.9,1.713466448,11.74962312,ABUNDANT,1.2,46.8,0.4,0,29.2,8.6,11.8,0.2,0.4,0,3.6,1,0,0,0,0.6,0.6,0,1.6,-0.708333333,0.577185714,3.235457064,2.7,9.7,6.7,22,3,8.34,11.39068493,10.8,20.2,16.7,17,6,18.436
UNION,2007,566,0,13.83863081,40.9,1.917275438,12.08460475,ABUNDANT,0,32.4,1.2,0,20,9.4,6,0.2,2,0.4,1.4,1.6,0,0,0.2,0.2,0.2,0,1,-1.305833333,-0.8802,3.20529595,2.8,9.4,6.3,15,3,8.2,10.64794521,10.2,18.7,16.5,15,1,17.836
UNION,2008,701,1,17.1393643,40.9,2.094635388,12.3743202,ABUNDANT,1.6,17.8,0,0,17.6,18.6,4.4,0,0.2,0,0.4,0,0,0,0,0,0,0,1.8,-1.745,-0.280185714,3.244636678,2.8,9.7,6.92,19,4,8.6,10.55491803,9.9,18.8,16.9,21,4,18.14
UNION,2009,265,12,6.479217604,40.9,2.202079464,12.69357212,ABUNDANT,4.4,38.2,4.4,1,16.6,8.6,5.4,0,0.4,1.2,1.8,1.6,0,0,0,0,0,0,3,-0.374166667,0.788271429,2.952676056,2.7,7.1,5.4,8,0,6.9,10.57589041,10.2,19.1,16,13,4,18.244
UNION,2010,539,0,13.17848411,40.9,2.196140832,13.1171631,ABUNDANT,5.6,16,1.2,0,12,13.6,0.6,0,1.4,0,2.2,0.4,0,0,0,0,0,0,0.6,-1.686666667,-1.3422,3.680924855,3.3,10,7.175,26,3,8.355,11.18,10.8,19.2,16.48,14,6,18.4
UNION,2011,515,1,12.59168704,40.9,2.089930661,13.62565308,ABUNDANT,0.2,125,1.2,0,7.4,0,0.4,0,1.8,0,1.8,1.6,0.2,0,0.2,0.2,0.6,0,0,-1.994166667,-0.362271429,3.333972603,3,9.7,6.6,22,3,8.4,10.82011019,10.8,18.5,16.5,7,1,17
UNION,2012,507,2,12.39608802,40.9,1.917243146,14.16431211,ABUNDANT,0.8,97.8,0,0,6.2,2,0,0,1.4,0,0.8,0.8,0,0,0,0,0,0,0.2,-1.3925,0.104157143,3.553846154,3.2,9.7,6.985,28,4,8.548,10.99232877,10.5,19,17.5,34,3,18.136
UNION,2013,563,2,13.76528117,40.9,1.665635999,14.75500807,ABUNDANT,0,82.6,0.6,0,5,0.2,0,0,0.6,0,1.2,0,0,0,0,0,0.2,0,0.2,-0.704166667,0.109885714,3.156289308,2.8,9,5.915,7,3,7.73,11.75260274,11.5,19.8,17.6,33,9,18.5
UNION,2014,621,0,15.18337408,40.9,1.32266693,15.41960882,ABUNDANT,0,67.6,0,0,6.2,5.8,0,0,0.4,0,1.8,0,0,0,0.2,0,0,0,0,1.008333333,0.903371429,2.8,2.6,7.7,5.2,3,0,6.238,11.56868132,11.8,19.4,17.655,29,9,18.8
UNION,2015,605,0,14.79217604,40.9,0.883543116,16.17346684,ABUNDANT,0.8,80.2,1,0,3,0,0,0,0,0.8,2,0,0,0,0.4,0,0,0,0.4,0.975,1.977171429,2.958630137,2.6,8.2,5.8,11,0,7.336,12.45357143,12.1,20.2,18,50,12,19
UNION,2016,658,0,16.08801956,40.9,0.356015013,17.0072721,ABUNDANT,3.4,38.2,0.4,0,2.2,1.2,0.4,0,0,1,1.4,0,0,0,0.8,0,0.2,0.4,0.4,0.025833333,0.189342857,2.320744681,2.1,6,4.3,0,0,5.413,12.06196721,12.6,20.1,18.76,38,22,19.496
UNION,2017,862,1,21.07579462,40.9,1,17.90589872,ABUNDANT,0,108.2,1,0,1.8,0,0.2,0.8,0.2,2,3.2,1,0,0,6,0.2,1.2,0,0,0.202,-0.273885714,3.254520548,2.7,10.3,6.68,23,2,7.908,10.86780186,10.9,19.2,17.58,20,6,18.756
WIZARD,1987,0,0,0,NA,0,0,ABSENT,0,2.4,1.6,1.2,3,0,4.4,0.2,0.6,0.4,1,0.2,0,3.2,108.4,0,0.4,0,0.8,1.44,0.884657143,NA,NA,NA,NA,NA,NA,NA,13.08534483,12.9,18.2,16,2,0,17.65
WIZARD,1988,0,0,0,NA,0,0,ABSENT,0.8,0,0,0,2.6,0,11.6,0.4,0.4,0.8,0,0.8,0.2,3,123.4,0.2,0,0,0.4,-0.610833333,-1.074957143,NA,NA,NA,NA,NA,NA,NA,11.29125683,11.4,18.2,16.15,11,0,17
WIZARD,1989,0,0,0,NA,0,0,ABSENT,6.8,11.2,0,3.2,1.2,0.4,18.2,0.4,1,1,2.6,0.8,0,7,107.8,0.2,0,0.8,6.8,-0.5025,0.136871429,NA,NA,NA,NA,NA,NA,NA,10.80767123,11,18.1,16,11,0,17.672
WIZARD,1990,0,0,0,NA,0,0,ABSENT,0,11.6,3.2,0,9,0,31.2,1.8,2.4,5.6,2.8,0.6,2.2,6,121.8,0,0.2,0,8,-1.344166667,0.464885714,NA,NA,NA,NA,NA,NA,NA,11.4734072,11.2,18.9,16.6,16,4,18.18
WIZARD,1991,0,0,0,NA,0,0,ABSENT,0,7.8,2.8,0,22.8,0,18.8,1.2,1.6,0.8,3,1,0,8.8,97.4,0.8,0.4,0,1.2,0.120833333,1.441414286,NA,NA,NA,NA,NA,NA,NA,11.25371901,11,20,17.2,27,7,18.938
WIZARD,1992,0,0,0,NA,0,0,ABSENT,1.2,7.4,1,0.4,6,0,25.4,2,1.4,3.2,2.6,1.2,0.2,11,118,21.8,0.2,0,1.4,0.829166667,0.9243,NA,NA,NA,NA,NA,NA,NA,11.95765027,11.35,19.8,17.375,26,5,18.735
WIZARD,1993,0,0,0,NA,0,0,ABSENT,0,7.4,1.4,0,8.4,0,25.6,3.6,1,1,2,0.2,0.4,12.6,121.2,2.2,0,0,1,0.796666667,0.695885714,NA,NA,NA,NA,NA,NA,NA,11.22684932,10.6,20,16.6,16,6,19.036
WIZARD,1994,0,0,0,NA,0,0,ABSENT,4.8,14,2,1.2,14.8,9.4,16.4,0.6,0.8,1.2,2.8,0.2,0.2,8.2,156.2,0,0,0.4,0.8,-0.609166667,0.902828571,2.27,1.7,6.9,5.505,1,0,6.621,11.53616438,11.8,18.8,16.88,19,2,17.936
WIZARD,1995,0,0,0,NA,0,0,ABSENT,0,8.4,2,0,20.8,0.2,11,1.6,0.6,0.4,0.6,0.4,0.2,9.4,152.4,0,0,0,0,0.764166667,-0.3563,3.491212121,3.2,8.9,6.5,20,1,7.542,11.56520548,11,20.2,17.98,49,8,18.8
WIZARD,1996,0,0,0,NA,0,0,ABSENT,0,11,0.4,1.8,15,1,49.4,1.4,0.8,1.2,3.4,0.6,0.2,12.8,180.4,0,0.2,0,0.4,0.4975,0.224514286,3.16744186,2.85,9.5,5.8,6,1,7.099,11.64262295,11.05,17.8,16.8,17,0,17
WIZARD,1997,0,0,0,NA,0,0,ABSENT,0,48,0,3.4,18.8,0,42.2,1.6,0.2,1.6,3,0.2,0.4,13.2,185,0,0,0,0.2,0.973333333,2.371485714,3.170054945,2.75,11.1,6.4,18,5,8.907,10.91671233,10.4,18,16.36,12,0,17.4
WIZARD,1998,0,0,0,NA,0,0,ABSENT,0,0,0.8,0,0.2,0,87.4,0.8,1.6,0.4,1.2,0.2,0.2,11,157,0,0,0,0,-1.4075,-0.773342857,3.634821429,3.2,10.4,7.025,23,7,9.555,11.88282548,11.6,19.5,17.3,28,3,18.14
WIZARD,1999,0,0,0,NA,0,0,ABSENT,0,5.6,2.4,0.6,12,0.2,131.4,1.2,1,1.6,0.8,1.2,0.2,10,166.8,0,0,0,1.8,-1.548333333,-0.769557143,3.751851852,3.2,13,8.2,28,10,10.062,10.58873626,10.5,18.8,16.7,14,2,17.811
WIZARD,2000,0,0,0,NA,0,0,ABSENT,0,8.8,0,1.2,5.6,0,148,0.8,0.6,0.8,0.8,0.4,0,2.6,158.8,0,0,0,0.2,-0.885833333,-0.294757143,3.148484848,2.7,8.4,6.29,14,0,7.114,10.61420765,10.3,18.5,15.775,5,1,17.075
WIZARD,2001,0,0,0,NA,0,0,ABSENT,0,2,0,0,3,0,117.4,0.8,1.6,5.2,2.6,2.2,1.4,7.4,162,2.6,0.2,1.4,0,-1.43,0.160685714,2.988379205,2.7,9.7,5.97,10,2,7.448,10.58712329,10,17.7,15.5,2,0,16.5
WIZARD,2002,0,0,0,NA,0,0,ABSENT,0,12,0,0.2,10.8,0,132.2,0.4,3,1.6,0.6,1.8,0.4,5.8,138,0,0,0,1.2,0.3975,0.7845,3.286440678,2.8,9.9,6.4,16,2,7.441,10.54164384,9.8,17.5,16,5,0,16.936
WIZARD,2003,0,0,0,NA,0,0,ABSENT,0,15.2,0.6,0.4,6,0,141,1.2,3.6,1.6,0.8,1.6,0.4,8.2,161.8,0.2,0,0,0,-0.094166667,0.392428571,2.999178082,2.6,9.4,6.5,21,5,8.7,11.23863014,10.6,20,16.6,17,5,18.536
WIZARD,2004,0,0,0,NA,0,0,ABSENT,0,11,0,0,3.2,1,130.6,1.8,4.6,2,1.2,1.4,0.2,2.4,130.6,3.8,0,0,0.8,-0.0475,0.656828571,3.151944444,2.7,10.6,6.705,21,11,9.623,11.5795082,11.8,19,17.3,29,5,18.405
WIZARD,2005,0,0,0,NA,0,0,ABSENT,0,16.2,0.4,0.8,6.8,0.2,75.2,1.2,2.4,2.8,0.4,0.4,0.2,4.8,132.2,0.8,0.2,0,3.8,-0.5625,-0.0987,3.063556851,2.7,9.1,5.5,9,2,7.474,11.67005495,11.5,19.3,17.17,25,7,18.6
WIZARD,2006,0,0,0,NA,0,0,ABSENT,0,18.8,0.4,1.2,12.4,4.6,51,2.4,3.6,3.2,0.8,0.6,0.2,7.2,156.4,0,0.2,0,1.6,-0.708333333,0.577185714,3.235457064,2.7,9.7,6.7,22,3,8.34,11.39068493,10.8,20.2,16.7,17,6,18.436
WIZARD,2007,0,0,0,NA,0,0,ABSENT,0,6,0,7.2,9.6,0,34.6,2.2,2,1.6,0.8,2.4,0.2,6,133.2,0,0,0,0,-1.305833333,-0.8802,3.20529595,2.8,9.4,6.3,15,3,8.2,10.64794521,10.2,18.7,16.5,15,1,17.836
WIZARD,2008,0,0,0,NA,0,0,ABSENT,1.6,8.8,6.8,28.6,4.8,13.4,29.6,1,1.2,2,0.4,2.6,0.4,4,166,0,0,0,1.2,-1.745,-0.280185714,3.244636678,2.8,9.7,6.92,19,4,8.6,10.55491803,9.9,18.8,16.9,21,4,18.14
WIZARD,2009,0,0,0,NA,0,0,ABSENT,0,20.4,3.4,0.4,7.4,0,11.4,0.6,2.6,2.4,0.8,1.2,0,6.6,176.4,0.4,0,0,0.6,-0.374166667,0.788271429,2.952676056,2.7,7.1,5.4,8,0,6.9,10.57589041,10.2,19.1,16,13,4,18.244
WIZARD,2010,0,0,0,NA,0,0,ABSENT,0,9.6,3.2,6.2,8.2,0.2,7.6,1.2,3.2,7.2,2.8,0.8,0.2,8.2,162.2,0,0,0,10,-1.686666667,-1.3422,3.680924855,3.3,10,7.175,26,3,8.355,11.18,10.8,19.2,16.48,14,6,18.4
WIZARD,2011,0,0,0,NA,0,0,ABSENT,0,11.2,0,0.2,14.8,0,8.6,1.2,5,7.6,3.8,1,0,8.6,159.2,1.2,0,0,0.4,-1.994166667,-0.362271429,3.333972603,3,9.7,6.6,22,3,8.4,10.82011019,10.8,18.5,16.5,7,1,17
WIZARD,2012,0,0,0,NA,0,0,ABSENT,0,23.4,2.2,0.2,10.8,0.2,8.2,2.2,1.6,1.6,1.8,0.4,0,7,147.6,3.2,0,0,0,-1.3925,0.104157143,3.553846154,3.2,9.7,6.985,28,4,8.548,10.99232877,10.5,19,17.5,34,3,18.136
WIZARD,2013,0,0,0,NA,0,0,ABSENT,0,0,3.4,0,1.2,0,4,3.4,1.2,1.4,3.2,1,0.4,3.8,141.8,11.6,0.4,0,0.2,-0.704166667,0.109885714,3.156289308,2.8,9,5.915,7,3,7.73,11.75260274,11.5,19.8,17.6,33,9,18.5
WIZARD,2014,0,0,0,NA,0,0,ABSENT,0,0,0,0,0,0,3,3.4,0,3,1.8,1.6,0,4,143.6,5,0.4,0,0,1.008333333,0.903371429,2.8,2.6,7.7,5.2,3,0,6.238,11.56868132,11.8,19.4,17.655,29,9,18.8
WIZARD,2015,0,0,0,NA,0,0,ABSENT,0,7.4,0,0.2,1.2,0,3.2,7.6,0,3,3.2,0.8,0,5.4,142,8.2,0.8,0,0.4,0.975,1.977171429,2.958630137,2.6,8.2,5.8,11,0,7.336,12.45357143,12.1,20.2,18,50,12,19
WIZARD,2016,0,0,0,NA,0,0,ABSENT,0,2.8,0,0.2,0.4,1.4,1.8,7.6,0,2.8,0.8,3.2,0,9.2,210,9.2,0.6,0,0.2,0.025833333,0.189342857,2.320744681,2.1,6,4.3,0,0,5.413,12.06196721,12.6,20.1,18.76,38,22,19.496
WIZARD,2017,0,0,0,NA,0,0,ABSENT,0,0,0,0,0,0,2.6,6.6,0,5.8,2.4,4.8,0.4,10,229.2,6.4,1.6,0,0,0.202,-0.273885714,3.254520548,2.7,10.3,6.68,23,2,7.908,10.86780186,10.9,19.2,17.58,20,6,18.756