period,station,year,season,UsableArea,otters_2km_density,otters_AOS,otters_2km,otters2km_smooth,ottersAOS_smooth,otterlevel,macrocystis,brownalgae,cystoseira,strongylo_franciscanus,strongylo_purpuratus,lytechinus,patiria,otherstars,pisaster,pycnopodia,crassadoma_gigantea,megastraea,kelletia,megathura,anemone,othercucum,parastichopus,abalone,pterygophera,understory_kelp,PDO,ENSO,wvht_mean,wvht_median,wvht_max,wvht_95,wvht_events95,wvht_events99,wvht_99,sst_mean,sst_median,sst_max,sst_95,sst_events95,sst_events99,sst_99
1,1,1980,fall,9.8,0,0,0,0,0,ABSENT,3.4,0,9.6,3.8,72.8,0,5.2,0.6,4.4,0,0,5,0,0,0.277777778,0,8.4,1,24,79,0.809166667,0.455333333,NA,NA,NA,NA,NA,NA,NA,NA,NA,NA,NA,NA,NA,NA
1,2,1980,fall,7.03,0,0,0,0,0,ABSENT,2.6,0,0,179.2,123.4,0,41.8,0,5.6,0,0,0,0,1.4,0.277777778,0.277777778,3.8,0,3,1,0.809166667,0.455333333,NA,NA,NA,NA,NA,NA,NA,NA,NA,NA,NA,NA,NA,NA
1,3,1980,fall,7.7,0,0,0,0,0,ABSENT,5.8,0,95.6,71,51.2,0,13.6,0.4,6.2,0,0,0.2,0,0.8,0.555555556,0.555555556,2,0,48,57,0.809166667,0.455333333,NA,NA,NA,NA,NA,NA,NA,NA,NA,NA,NA,NA,NA,NA
1,4,1980,fall,3.84,0,0,0,0,0,ABSENT,3.8,0,1,48.8,51,0,22.2,0.2,3.8,0,0,0,0,0.2,1.176470588,31.47058823,7.6,1,6,182,0.809166667,0.455333333,NA,NA,NA,NA,NA,NA,NA,NA,NA,NA,NA,NA,NA,NA
1,5,1980,fall,3.84,0,0,0,0,0,ABSENT,9,0,0.4,21.6,64.4,0,8.2,1.2,3.8,0,0,0.4,0,0,2.777777778,23.33333333,5.4,15,56,9,0.809166667,0.455333333,NA,NA,NA,NA,NA,NA,NA,NA,NA,NA,NA,NA,NA,NA
1,6,1980,fall,7.07,0,0,0,0,0,ABSENT,7.6,0,17.2,8,111.6,0,19.4,0.2,0.2,0,0,2.2,0,0,0.555555556,16.94444444,1.8,0,9,45,0.809166667,0.455333333,NA,NA,NA,NA,NA,NA,NA,NA,NA,NA,NA,NA,NA,NA
3,1,1981,fall,9.8,0,0,0,0,0,ABSENT,14.8,0,41.8,3,36.8,0,0.2,0,1.2,0,0,3,0,0.2,0,0,9,0,28,216,0.915833333,0.017,NA,NA,NA,NA,NA,NA,NA,NA,NA,NA,NA,NA,NA,NA
3,2,1981,fall,7.03,0,0,0,0,0,ABSENT,14,0.5,65.2,151.6,63.6,0,46.2,0,3.4,0,0,0,0,0.4,0,0,0.8,0,4,71,0.915833333,0.017,NA,NA,NA,NA,NA,NA,NA,NA,NA,NA,NA,NA,NA,NA
3,3,1981,fall,7.7,0,0,0,0,0,ABSENT,5.4,0,79.8,106.6,86.2,0,23.2,0,6.8,0,0,0,0,0.2,0.5,0,1,0,47,110,0.915833333,0.017,NA,NA,NA,NA,NA,NA,NA,NA,NA,NA,NA,NA,NA,NA
3,4,1981,fall,3.84,0,0,0,0,0,ABSENT,11.4,0,0,78,73,0,26,0.4,5.8,0,0,0.4,0,0,1.5,16.5,1,0,12,48,0.915833333,0.017,NA,NA,NA,NA,NA,NA,NA,NA,NA,NA,NA,NA,NA,NA
3,5,1981,fall,3.84,0,0,0,0,0,ABSENT,14.6,0,1,31.2,40.8,0,13.6,2.2,3.4,0,0,0.8,0,0.4,2.5,22.5,0,16,68,42,0.915833333,0.017,NA,NA,NA,NA,NA,NA,NA,NA,NA,NA,NA,NA,NA,NA
3,6,1981,fall,7.07,0,0,0,0,0,ABSENT,8.4,0,22.6,17.4,197.6,0,12,0,0,0,0,1,0,0,0,13,0.4,2,23,185,0.915833333,0.017,NA,NA,NA,NA,NA,NA,NA,NA,NA,NA,NA,NA,NA,NA
5,1,1982,fall,9.8,0,0,0,0,0,ABSENT,9,0,77.8,5.8,65.2,0,0.2,0,0.4,0,0,6.8,0,0.6,0.5,0,3.4,0,48,162,0.22,1.738,1.329230769,1.2,2.8,2.3,1,0,2.48,17.36504854,17.3,20.4,19.47,0,0,20.294
5,2,1982,fall,7.03,0,0,0,0,0,ABSENT,14.4,0,74.8,142.4,102.4,0,14.6,0.2,4.8,0,0,0,0,0.6,0,0,0.2,0,12,99,0.22,1.738,1.329230769,1.2,2.8,2.3,1,0,2.48,17.36504854,17.3,20.4,19.47,0,0,20.294
5,3,1982,fall,7.7,0,0,0,0,0,ABSENT,11.4,2.5,151,121,137.8,0,2.8,0,6.2,0,0,0.2,0,0.2,0,0,0,0,76,97,0.22,1.738,1.329230769,1.2,2.8,2.3,1,0,2.48,17.36504854,17.3,20.4,19.47,0,0,20.294
5,4,1982,fall,3.84,0,0,0,0,0,ABSENT,9.2,0,2.8,78.6,77,0,15,0,5.2,0,0,0.2,0,0.2,0.5,10.5,1.8,3,13,195,0.22,1.738,1.329230769,1.2,2.8,2.3,1,0,2.48,17.36504854,17.3,20.4,19.47,0,0,20.294
5,5,1982,fall,3.84,0,0,0,0,0,ABSENT,8,0,4.2,27,70.2,0,30.8,0,3.6,0,0,1.2,0,0.2,3,15,0,12,49,98,0.22,1.738,1.329230769,1.2,2.8,2.3,1,0,2.48,17.36504854,17.3,20.4,19.47,0,0,20.294
5,6,1982,fall,7.07,0,0,0,0,0,ABSENT,8,0,32.4,16.6,220.6,0,4.2,0,0,0,0,3.8,0,0,1.5,9,0.2,2,29,290,0.22,1.738,1.329230769,1.2,2.8,2.3,1,0,2.48,17.36504854,17.3,20.4,19.47,0,0,20.294
7,1,1983,fall,9.8,0,0,0,0,0,ABSENT,30.4,1,88.8,5.8,52.2,0,0.4,0,0,0,0,7.4,0,0.4,0,0,6,0,47,145,1.374166667,1.146,1.846397695,1.6,6.8,3.8,58,25,5.016,17.77424658,17.5,22.3,20.8,2,0,21.4
7,2,1983,fall,7.03,0,0,0,0,0,ABSENT,6,0,96,111,142.6,0,1.2,0,5.6,0,0,0,0,0.4,0,0,0.4,0,18,165,1.374166667,1.146,1.846397695,1.6,6.8,3.8,58,25,5.016,17.77424658,17.5,22.3,20.8,2,0,21.4
7,3,1983,fall,7.7,0,0,0,0,0,ABSENT,4.8,0,177.6,87.2,179.4,0,1.2,0,3.6,0,0,0.8,0,0.8,0.5,0,2.2,0,109,192,1.374166667,1.146,1.846397695,1.6,6.8,3.8,58,25,5.016,17.77424658,17.5,22.3,20.8,2,0,21.4
7,4,1983,fall,3.84,0,0,0,0,0,ABSENT,12,0,2,70.8,72.4,0,1.8,0,4.8,0,0,0,0,0,0,1.5,5.2,1,160,291,1.374166667,1.146,1.846397695,1.6,6.8,3.8,58,25,5.016,17.77424658,17.5,22.3,20.8,2,0,21.4
7,5,1983,fall,3.84,0,0,0,0,0,ABSENT,12.6,0,4.8,32.4,58.6,0,2.4,0,2.8,0,0,0.2,0,1.4,1,1,1.2,4,231,123,1.374166667,1.146,1.846397695,1.6,6.8,3.8,58,25,5.016,17.77424658,17.5,22.3,20.8,2,0,21.4
9,1,1984,fall,9.8,0,0,0,0,0,ABSENT,9.4,0.5,72.6,5.2,39.4,0,0,0,0,0,0,16.2,0,0,0,0.5,3.6,0,17,102,0.9675,-0.114666667,1.611676647,1.4,4,3.1,38,6,3.7,19.34161,18.3,24.8,22.8,55,7,23.635
9,2,1984,fall,7.03,0,0,0,0,0,ABSENT,6.4,4.5,194.8,120.8,150.8,0,0.6,0,0.2,0,0,1.2,0,2.4,0,0,5,0,19,46,0.9675,-0.114666667,1.611676647,1.4,4,3.1,38,6,3.7,19.34161,18.3,24.8,22.8,55,7,23.635
9,3,1984,fall,7.7,0,0,0,0,0,ABSENT,8,2.5,203.2,93.6,175.8,0,0.2,0,0,0,0,0.8,0,1,1,0,0.4,0,79,65,0.9675,-0.114666667,1.611676647,1.4,4,3.1,38,6,3.7,19.34161,18.3,24.8,22.8,55,7,23.635
9,4,1984,fall,3.84,0,0,0,0,0,ABSENT,12.4,0,4.2,69.2,91,0,0,0,2.2,0,0,0,0,1.2,0.5,7.5,4.8,1,1,28,0.9675,-0.114666667,1.611676647,1.4,4,3.1,38,6,3.7,19.34161,18.3,24.8,22.8,55,7,23.635
9,5,1984,fall,3.84,0,0,0,0,0,ABSENT,12.8,0,14.6,19.2,75,0,0.8,0,1.4,0,0,0.6,0,1,0.5,8,0.6,0,5,8,0.9675,-0.114666667,1.611676647,1.4,4,3.1,38,6,5.016,19.34161,18.3,24.8,22.8,55,7,23.635
9,6,1984,fall,7.07,0,0,0,0,0,ABSENT,4.75,3,47.5,14,151.25,0,0,0,0.25,0,0,0.75,0,0,0,9,0,1,0,150,0.9675,-0.114666667,1.611676647,1.4,4,3.1,38,6,3.7,19.34161,18.3,24.8,22.8,55,7,23.635
11,1,1985,fall,9.8,0,0,0,0,0,ABSENT,3.8,0,62.8,6.8,155.8,0,0,0,0,0,0,23.8,0,0.6,0.5,4,14.8,0,8,124,0.631666667,-0.345333333,1.533150685,1.4,3.6,2.6,15,2,3.336,17.4169863,16.2,24.3,23.28,52,22,23.736
11,2,1985,fall,7.03,0,0,0,0,0,ABSENT,3.2,0,122.2,82.6,312.6,0,0.6,0,2,0,0,5.6,0,3.8,0.5,0,0.6,1,3,23,0.631666667,-0.345333333,1.533150685,1.4,3.6,2.6,15,2,3.7,17.4169863,16.2,24.3,23.28,52,22,23.736
11,3,1985,fall,7.7,0,0,0,0,0,ABSENT,2.8,0.5,97.2,68,291.2,0,0,0,1.8,0,0,7,0,1.8,0.5,0.5,1.2,1,56,44,0.631666667,-0.345333333,1.533150685,1.4,3.6,2.6,15,2,3.336,17.4169863,16.2,24.3,23.28,52,22,23.736
11,4,1985,fall,3.84,0,0,0,0,0,ABSENT,2.6,0,2.8,90.2,101,0,0,0,1.6,0,0,0.2,0,0.8,0.5,31,12,5,0,36,0.631666667,-0.345333333,1.533150685,1.4,3.6,2.6,15,2,3.336,17.4169863,16.2,24.3,23.28,52,22,23.736
11,5,1985,fall,3.84,0,0,0,0,0,ABSENT,4.6,0,5.8,29.6,81.6,0,0.4,0,1.8,0,0,0.6,0,2.4,1,25.5,2.6,16,0,11,0.631666667,-0.345333333,1.533150685,1.4,3.6,2.6,15,2,3.336,17.4169863,16.2,24.3,23.28,52,22,23.736
11,6,1985,fall,7.07,0,0,0,0,0,ABSENT,3,0,37.6,36.6,219.6,0,0,0.2,0.8,0,0,3.6,0,0.2,0,18,1.6,1,4,179,0.631666667,-0.345333333,1.533150685,1.4,3.6,2.6,15,2,3.336,17.4169863,16.2,24.3,23.28,52,22,23.736
13,1,1986,fall,9.8,0,0,0,0,0,ABSENT,18.6,0,46.8,6,165,0,0,0,0.2,0,0,29,0,0,0,0.5,4.6,0,69,252,0.854166667,0.748666667,1.51097561,1.3,6.3,3,23,9,4.573,18.22713,17.6,23,21.4,3,0,21.8
13,2,1986,fall,7.03,0,0,0,0,0,ABSENT,20.2,0,83.6,155.2,404.6,0,0.2,0,2,0,0,5,0,2.4,0.5,0,0,0,10,29,0.854166667,0.748666667,1.51097561,1.3,6.3,3,23,9,4.573,18.22713,17.6,23,21.4,3,0,21.8
13,3,1986,fall,7.7,0,0,0,0,0,ABSENT,0,0,1.8,131.4,500,0,0,0,3.6,0,0,9.6,0,4.2,0.5,1.5,0.2,0,0,0,0.854166667,0.748666667,1.51097561,1.3,6.3,3,23,9,4.573,18.22713,17.6,23,21.4,3,0,21.8
13,4,1986,fall,3.84,0,0,0,0,0,ABSENT,28.8,0,1.4,79,50.4,0,0,0.2,2.4,0,0,0,0,1.4,0.5,39,6,3,5,332,0.854166667,0.748666667,1.51097561,1.3,6.3,3,23,9,4.573,18.22713,17.6,23,21.4,3,0,21.8
13,5,1986,fall,3.84,0,0,0,0,0,ABSENT,30,0,2.4,15.4,28.2,0,0,0,3.2,0,0,0,0,2,1.5,33.5,1.4,13,17,136,0.854166667,0.748666667,1.51097561,1.3,6.3,3,23,9,3.336,18.22713,17.6,23,21.4,3,0,21.8
13,6,1986,fall,7.07,0,0,0,0,0,ABSENT,6.2,0,24.6,26,210.8,0,0,0,0.8,0,0,1.4,0,0.4,0,16.5,1.4,1,5,193,0.854166667,0.748666667,1.51097561,1.3,6.3,3,23,9,4.573,18.22713,17.6,23,21.4,3,0,21.8
15,1,1987,fall,9.8,0,0,0,0,0,ABSENT,9.8,0,65.2,2.6,215.6,0,0,0,0.2,0,0,47.6,0,0.4,0,0,7,0,68,198,1.8575,1.917333333,1.306077348,1.2,3.1,2.3,12,0,4.573,18.09917808,18.4,22,21.1,2,0,21.736
15,2,1987,fall,7.03,0,0,0,0,0,ABSENT,1.4,0,10,152.4,552.6,0,1,0,2.8,0,0,5.6,0,4.4,0,3,0,0,0,0,1.8575,1.917333333,1.306077348,1.2,3.1,2.3,12,0,2.9,18.09917808,18.4,22,21.1,2,0,21.736
15,3,1987,fall,7.7,0,0,0,0,0,ABSENT,0,0,0.4,78.4,483.2,0,0,0,2.6,0,0,36.8,0,1,0,0,0,0,0,1,1.8575,1.917333333,1.306077348,1.2,3.1,2.3,12,0,2.9,18.09917808,18.4,22,21.1,2,0,21.736
15,4,1987,fall,3.84,0,0,0,0,0,ABSENT,8.6,0,1,22.8,181.6,0,0.6,0,2,0,0,0.2,0,0.8,1,35.5,8.4,4,91,18,1.8575,1.917333333,1.306077348,1.2,3.1,2.3,12,0,2.9,18.09917808,18.4,22,21.1,2,0,21.736
15,5,1987,fall,3.84,0,0,0,0,0,ABSENT,11.8,0,5.8,18.8,91.4,0,0.2,0,4.6,0,0.5,1.2,0,1.4,1.5,27,2.6,5,57,14,1.8575,1.917333333,1.306077348,1.2,3.1,2.3,12,0,2.9,18.09917808,18.4,22,21.1,2,0,21.736
15,6,1987,fall,7.07,0,0,0,0,0,ABSENT,7.2,0,78.4,31.6,308.6,0,0,0,0.8,0,0,9.2,0,0.2,0,12,0.2,2,3,202,1.8575,1.917333333,1.306077348,1.2,3.1,2.3,12,0,2.9,18.09917808,18.4,22,21.1,2,0,21.736
17,1,1988,fall,9.8,0,0,0,0,0,ABSENT,5.2,0,23,6.8,262.8,0,0,0,1.4,0,0,54.2,0,0,0,0,4.6,0,75,272,0.325833333,-1.318,1.489759036,1.3,8,2.645,17,8,4.438,17.4997,16.8,23.1,21.4,8,0,22.735
17,2,1988,fall,7.03,0,0,0,0,0,ABSENT,0.2,0,0.8,122.4,578.8,0,0,0,7.6,0,0,14.4,0,4.8,0.5,1,1.4,0,0,0,0.325833333,-1.318,1.489759036,1.3,8,2.645,17,8,4.438,17.4997,16.8,23.1,21.4,8,0,22.735
17,3,1988,fall,7.7,0,0,0,0,0,ABSENT,1.2,0,5.6,46.2,247.8,0,0.6,0,1.4,0,0,37,0,1.6,0.5,0,0.2,0,1,7,0.325833333,-1.318,1.489759036,1.3,8,2.645,17,8,4.438,17.4997,16.8,23.1,21.4,8,0,22.735
17,4,1988,fall,3.84,0,0,0,0,0,ABSENT,3.6,0,1.8,100,123,0,0.4,0.2,4.8,0,0,0.2,0,5.2,0.5,32,12.2,4,41,42,0.325833333,-1.318,1.489759036,1.3,8,2.645,17,8,4.438,17.4997,16.8,23.1,21.4,8,0,22.735
17,5,1988,fall,3.84,0,0,0,0,0,ABSENT,8,0,5.4,32.4,96,0,0.2,0,4.4,0,0,1.2,0,1,0.5,27,1.4,9,26,20,0.325833333,-1.318,1.489759036,1.3,8,2.645,17,8,4.438,17.4997,16.8,23.1,21.4,8,0,22.735
17,6,1988,fall,7.07,0,0,0,0,0,ABSENT,3.8,0,40,41.4,306.8,0,0,0.6,0.2,0,0,8.8,0,0.2,0,19.5,2.2,0,0,249,0.325833333,-1.318,1.489759036,1.3,8,2.645,17,8,4.438,17.4997,16.8,23.1,21.4,8,0,22.735
19,1,1989,fall,9.8,0,0,0,0,0,ABSENT,3.6,0,77.8,9.2,567.8,0,0,0,1.6,0,0,35,0,1,0.5,1.5,6.2,1,136,260,-0.491666667,-0.422333333,1.277627119,1.2,2.9,2.2,5,0,2.706,16.902,15.5,21.9,21,0,0,21.7
19,2,1989,fall,7.03,0,0,0,0,0,ABSENT,0,0,0,96.6,973.2,0,1.2,0.2,3.8,0,0,39.2,0,5.4,0.5,0,0.6,0,0,0,-0.491666667,-0.422333333,1.277627119,1.2,2.9,2.2,5,0,2.706,16.902,15.5,21.9,21,0,0,21.7
19,3,1989,fall,7.7,0,0,0,0,0,ABSENT,0,0,0,79.4,630.6,0,3.2,0,4,0,0,38.4,0,3.6,0.5,0.5,1,0,0,0,-0.491666667,-0.422333333,1.277627119,1.2,2.9,2.2,5,0,2.706,16.902,15.5,21.9,21,0,0,21.7
19,4,1989,fall,3.84,0,0,0,0,0,ABSENT,17.2,0,13.6,109.6,101.2,0,2.2,0,9.2,0,0,1,0,4.8,0,16,1.4,4,45,188,-0.491666667,-0.422333333,1.277627119,1.2,2.9,2.2,5,0,2.706,16.902,15.5,21.9,21,0,0,21.7
19,5,1989,fall,3.84,0,0,0,0,0,ABSENT,24.6,0,13.4,52.8,80.6,0,0,0,6,0,0,3,0,5.6,0.5,28,0.8,19,49,236,-0.491666667,-0.422333333,1.277627119,1.2,2.9,2.2,5,0,2.706,16.902,15.5,21.9,21,0,0,21.7
19,6,1989,fall,7.07,0,0,0,0,0,ABSENT,7.4,0,49.6,76.4,609.4,0,0,0,1.4,0,0,11.8,0,0.4,0,11,1.6,0,12,306,-0.491666667,-0.422333333,1.277627119,1.2,2.9,2.2,5,0,2.706,16.902,15.5,21.9,21,0,0,21.7
21,1,1990,fall,9.8,0,0,0,0,0,ABSENT,0,0,39.8,16,671.6,0,0,0,2.4,0,0,32.8,0,0.2,0,0.5,4.4,0,72,87,-0.5325,0.209666667,1.456506849,1.4,3.9,2.6,14,1,3.009,17.6667,16.6,24.9,21.08,11,8,23.6
21,2,1990,fall,7.03,0,0,0,0,0,ABSENT,0,0,0,78.4,947,0,2.2,0,5.6,0,0,19.4,0,5,0,0.5,0.6,0,0,0,-0.5325,0.209666667,1.456506849,1.4,3.9,2.6,14,1,3.009,17.6667,16.6,24.9,21.08,11,8,23.6
21,3,1990,fall,7.7,0,0,0,0,0,ABSENT,1.2,0,23.4,47.4,595.8,0,6.4,0.2,4.6,0,0,21.2,0,1.8,0,0.5,2,0,16,31,-0.5325,0.209666667,1.456506849,1.4,3.9,2.6,14,1,3.009,17.6667,16.6,24.9,21.08,11,8,23.6
21,4,1990,fall,3.84,0,0,0,0,0,ABSENT,4.4,0,2.6,112.8,110.4,0,5.6,0,7.6,0,0,1.4,0,4.2,2.5,11.5,5.6,6,38,84,-0.5325,0.209666667,1.456506849,1.4,3.9,2.6,14,1,3.009,17.6667,16.6,24.9,21.08,11,8,23.6
21,5,1990,fall,3.84,0,0,0,0,0,ABSENT,9.8,0,15.4,32,136.6,0,0.8,0,4.2,0,0.5,4.2,0,3.6,2.5,24,0.2,16,38,84,-0.5325,0.209666667,1.456506849,1.4,3.9,2.6,14,1,3.009,17.6667,16.6,24.9,21.08,11,8,23.6
21,6,1990,fall,7.07,0,0,0,0,0,ABSENT,4.6,0,30.6,74.2,385.6,0,0,0,2.6,0,0,5.8,0,0.8,0.5,13.5,1.2,0,14,214,-0.5325,0.209666667,1.456506849,1.4,3.9,2.6,14,1,3.009,17.6667,16.6,24.9,21.08,11,8,23.6
23,1,1991,fall,9.8,0,0,0,0,0,ABSENT,0,0,3.2,9.2,717.8,0,0.2,0,3.4,0,0,13.8,0,0,0,0,6.2,0,27,19,-1.419166667,0.935666667,1.354328358,1.2,4.7,2.73,25,2,3.166,17.69685,16.7,23,21.9,17,0,22.7
23,2,1991,fall,7.03,0,0,0,0,0,ABSENT,0,0,0,42,938.8,0,1.8,0,7.2,0.2,0,9,0,5,1,7,1,0,0,0,-1.419166667,0.935666667,1.354328358,1.2,4.7,2.73,25,2,3.166,17.69685,16.7,23,21.9,17,0,22.7
23,3,1991,fall,7.7,0,0,0,0,0,ABSENT,0,0,28.2,27.4,670.8,0,3.2,0,3,0,0,10.8,0,3,0.5,0,0.8,2,5,1,-1.419166667,0.935666667,1.354328358,1.2,4.7,2.73,25,2,3.166,17.69685,16.7,23,21.9,17,0,22.7
23,4,1991,fall,3.84,0,0,0,0,0,ABSENT,2.2,0,8,48.8,124.8,0,3.2,0,7,0.4,0,0,0,1.8,0,3,6.6,3,44,117,-1.419166667,0.935666667,1.354328358,1.2,4.7,2.73,25,2,3.166,17.69685,16.7,23,21.9,17,0,22.7
23,5,1991,fall,3.84,0,0,0,0,0,ABSENT,20,0,13.6,47,76,0,1.4,0.4,7.4,0,0,0.4,0,3.2,0.5,13.5,2.4,8,81,114,-1.419166667,0.935666667,1.354328358,1.2,4.7,2.73,25,2,3.166,17.69685,16.7,23,21.9,17,0,22.7
23,6,1991,fall,7.07,0,0,0,0,0,ABSENT,3.6,0,22,30.4,524.8,0,0,0.2,5,0,0,2.4,0,1.2,0,13.5,2,0,6,221,-1.419166667,0.935666667,1.354328358,1.2,4.7,2.73,25,2,3.166,17.69685,16.7,23,21.9,17,0,22.7
25,1,1992,fall,9.8,0,0,0,0,0,ABSENT,0.2,0,0.2,3.4,686.2,0,0,0,0.6,0,0,9.6,0,0,0,0.5,9.6,0,20,11,0.513333333,0.695,1.400546448,1.2,3.3,2.575,16,0,3.1,17.62404372,18,22.2,21.1,4,0,21.935
25,2,1992,fall,7.03,0,0,0,0,0,ABSENT,0,0,0,17.2,752.8,0,3.4,0,5.2,0.4,0,11.4,0,3.2,1,0,0.4,1,0,0,0.513333333,0.695,1.400546448,1.2,3.3,2.575,16,0,3.1,17.62404372,18,22.2,21.1,4,0,21.935
25,3,1992,fall,7.7,0,0,0,0,0,ABSENT,2,0,24.8,40,557.8,0,3.4,0,5,0,0,6.8,0,2.2,0,1,3,0,2,0,0.513333333,0.695,1.400546448,1.2,3.3,2.575,16,0,3.1,17.62404372,18,22.2,21.1,4,0,21.935
25,4,1992,fall,3.84,0,0,0,0,0,ABSENT,6.2,3,0.8,60,81.4,0,6,0,4.4,0,0,0.6,0,2,0,6.5,6,0,22,41,0.513333333,0.695,1.400546448,1.2,3.3,2.575,16,0,3.1,17.62404372,18,22.2,21.1,4,0,21.935
25,5,1992,fall,3.84,0,0,0,0,0,ABSENT,15.8,0,4,27.6,93.6,0,0.8,0,5.6,0,0,0,0,2.4,1.5,9.5,0.4,6,77,19,0.513333333,0.695,1.400546448,1.2,3.3,2.575,16,0,3.1,17.62404372,18,22.2,21.1,4,0,21.935
25,6,1992,fall,7.07,0,0,0,0,0,ABSENT,2.8,0.5,14,50.8,402.2,0,0.2,0,2.4,0,0,0.2,0,0.6,0,18,1.4,0,0,170,0.513333333,0.695,1.400546448,1.2,3.3,2.575,16,0,3.1,17.62404372,18,22.2,21.1,4,0,21.935
27,1,1993,fall,9.8,0,0,0,0,0,ABSENT,0.6,0.5,55,1.8,771,0,0,0,0.2,0,0,19.6,0,0.4,0,1,12.8,0,4,255,0.956666667,1.068,1.531232877,1.4,4.2,2.7,20,1,3.236,18.41561644,18.7,23,22.2,26,0,22.736
27,2,1993,fall,7.03,0,0,0,0,0,ABSENT,6.6,0.5,10.4,30,239.6,0,1.6,0,2.2,0,0,3.4,0,3,0,0,0.4,0,3,40,0.956666667,1.068,1.531232877,1.4,4.2,2.7,20,1,3.236,18.41561644,18.7,23,22.2,26,0,22.736
27,3,1993,fall,7.7,0,0,0,0,0,ABSENT,5.4,7,97.4,22.8,303.2,0,0.6,0.4,0.6,0,0,3,0,0.8,0,0,2.8,1,2,76,0.956666667,1.068,1.531232877,1.4,4.2,2.7,20,1,3.236,18.41561644,18.7,23,22.2,26,0,22.736
27,4,1993,fall,3.84,0,0,0,0,0,ABSENT,4.4,0,7.4,89.4,182.4,0,1.2,0.2,2.6,0,0,0.8,0,1.2,2,8,0.6,3,24,54,0.956666667,1.068,1.531232877,1.4,4.2,2.7,20,1,3.236,18.41561644,18.7,23,22.2,26,0,22.736
27,5,1993,fall,3.84,0,0,0,0,0,ABSENT,8,0,8,29.4,123.2,0,0.2,0,2.2,0.8,0,0.6,0,1.2,1,4,0.2,5,23,26,0.956666667,1.068,1.531232877,1.4,4.2,2.7,20,1,3.236,18.41561644,18.7,23,22.2,26,0,22.736
27,6,1993,fall,7.07,0,0,0,0,0,ABSENT,2.6,0,18,77.2,753.6,0,0,0,2,0,0,1.4,0,1,0,14,1.8,0,3,197,0.956666667,1.068,1.531232877,1.4,4.2,2.7,20,1,3.236,18.41561644,18.7,23,22.2,26,0,22.736
29,1,1994,fall,9.8,0,0,0,0,0,ABSENT,0,0,42.2,10.8,718.2,0,0.4,0,1,0,0,26.8,0,0.2,0,0,15.6,0,11,3,0.15,0.853666667,1.313191489,1.2,3.2,2.13,5,0,2.7,17.67114,17.2,22.3,21.18,3,0,21.9
29,2,1994,fall,7.03,0,0,0,0,0,ABSENT,11,0,46.4,34,99.4,0,0.6,0,4.2,0,0,2.4,0,1,0,0,0,0,0,16,0.15,0.853666667,1.313191489,1.2,3.2,2.13,5,0,2.7,17.67114,17.2,22.3,21.18,3,0,21.9
29,3,1994,fall,7.7,0,0,0,0,0,ABSENT,7,0,162.6,19.8,237.4,0,1,0.2,3.4,0,0,1,0,0.8,1.5,0,1.2,0,3,23,0.15,0.853666667,1.313191489,1.2,3.2,2.13,5,0,2.7,17.67114,17.2,22.3,21.18,3,0,21.9
29,4,1994,fall,3.84,0,0,0,0,0,ABSENT,2.4,0,3.4,93.4,163.2,0,3,0,3,0.4,0,0.2,0,1.4,1,5,4.6,0,5,51,0.15,0.853666667,1.313191489,1.2,3.2,2.13,5,0,2.7,17.67114,17.2,22.3,21.18,3,0,21.9
29,5,1994,fall,3.84,0,0,0,0,0,ABSENT,5.8,0,7.2,42.4,134.8,0,0.6,0,2.8,0.2,0,0.4,0,3.6,2,3,1.8,5,9,39,0.15,0.853666667,1.313191489,1.2,3.2,2.13,5,0,2.7,17.67114,17.2,22.3,21.18,3,0,21.9
29,6,1994,fall,7.07,0,0,0,0,0,ABSENT,2,0,11,110.6,981.2,0,0.4,0,1.4,0,0,2.6,0,1,0,12,1.2,1,1,118,0.15,0.853666667,1.313191489,1.2,3.2,2.13,5,0,2.7,17.67114,17.2,22.3,21.18,3,0,21.9
31,1,1995,fall,9.8,0.204081633,4.866803768,2,1.503633281,2.447188723,FEW,0,0,11.8,7.6,535.8,0,0,0,2,0,0,35.4,0,0.4,0,2.5,8.4,0,0,0,-0.191666667,-0.120666667,1.387179487,1.2,5.6,2.65,18,3,3.5,17.28262,16.4,23.4,21.4,8,1,22.2
31,2,1995,fall,7.03,2.987197724,13.12304402,21,18.59051477,8.620041299,ABUNDANT,11.4,0,40.6,36,156.8,0,1.4,0,6.2,0,0,4.2,0,0.4,0,0.5,0,0,10,65,-0.191666667,-0.120666667,1.387179487,1.2,5.6,2.65,18,3,3.5,17.28262,16.4,23.4,21.4,8,1,22.2
31,3,1995,fall,7.7,3.896103896,13.12304402,30,19.36030733,8.620041299,ABUNDANT,15.8,0,94.2,25.2,313.6,0,1.2,0,3.4,0.2,0,4.8,0,0.2,0.5,0,0.4,0,61,40,-0.191666667,-0.120666667,1.387179487,1.2,5.6,2.65,18,3,3.5,17.28262,16.4,23.4,21.4,8,1,22.2
31,4,1995,fall,3.84,0.260416667,2.022836867,1,1.915823072,1.973742746,FEW,17.4,0,1.8,54.6,186.6,0,1.4,0.2,4.6,0,0,0.6,0,2.8,1.5,1.5,2.2,0,13,66,-0.191666667,-0.120666667,1.387179487,1.2,5.6,2.65,18,3,3.5,17.28262,16.4,23.4,21.4,8,1,22.2
31,5,1995,fall,3.84,0.260416667,2.022836867,1,2.039223522,2.026096763,FEW,25.2,0,8.4,32.6,166.6,0,1.6,0,2.8,0,0,1,0,1,2,3,1.2,3,14,66,-0.191666667,-0.120666667,1.387179487,1.2,5.6,2.65,18,3,3.5,17.28262,16.4,23.4,21.4,8,1,22.2
31,6,1995,fall,7.07,0,1.678852865,0,0,1.049960272,FEW,0,0,0,42.8,907.2,0,0,0,0.8,0.4,0,0.6,0,0.2,0,7,1,0,0,0,-0.191666667,-0.120666667,1.387179487,1.2,5.6,2.65,18,3,3.5,17.28262,16.4,23.4,21.4,8,1,22.2
33,1,1996,fall,9.8,0.612244898,5.786232316,6,1.641440823,2.757674657,FEW,0,0,0.8,0.6,534.2,0,0,0.2,1.4,0,0,54.2,0,0,0,2.5,0.2,0,0,0,0.624166667,-0.338333333,1.39,1.21,4,2.49,14,1,2.935,17.78469945,18,22.8,21.05,2,0,21.5
33,2,1996,fall,7.03,4.26742532,12.24405045,30,24.32812055,10.80118407,ABUNDANT,12,0,30.4,49.4,144.4,0,0.4,1,4.6,0,0,0.6,0,0.4,0.5,0,0,0,6,27,0.624166667,-0.338333333,1.39,1.21,4,2.49,14,1,2.935,17.78469945,18,22.8,21.05,2,0,21.5
33,3,1996,fall,7.7,4.025974026,12.24405045,31,25.25635856,10.80118407,ABUNDANT,5.6,0,47,29.4,321.4,0,1.2,0.6,1.8,0.4,0,0.6,0,0.4,0,0,0.4,0,16,19,0.624166667,-0.338333333,1.39,1.21,4,2.49,14,1,2.935,17.78469945,18,22.8,21.05,2,0,21.5
33,4,1996,fall,3.84,2.604166667,5.490042827,10,2.388555768,2.537334702,FEW,6.2,0,2.8,34,89.8,0,1,0,1.2,0.6,0,0.2,0,1.2,0.5,2.5,0.6,0,7,33,0.624166667,-0.338333333,1.39,1.21,4,2.49,14,1,2.935,17.78469945,18,22.8,21.05,2,0,21.5
33,5,1996,fall,3.84,2.604166667,5.490042827,10,2.548554354,2.605088834,FEW,12.2,0,11.6,35,96,0,0.8,0.2,2.2,0.4,0,0.6,0,1,3.5,3.5,1,0,10,25,0.624166667,-0.338333333,1.39,1.21,4,2.49,14,1,2.935,17.78469945,18,22.8,21.05,2,0,21.5
33,6,1996,fall,7.07,0,2.105402281,0,0,1.272852722,FEW,0,0,0,29.2,656.8,0,0,0,3,0,0.5,0.6,0,0.4,0,8.5,1,0,0,1,0.624166667,-0.338333333,1.39,1.21,4,2.49,14,1,2.935,17.78469945,18,22.8,21.05,2,0,21.5
35,1,1997,fall,9.8,0.204081633,5.634950617,2,1.744389278,3.053284702,FEW,0,0,0,4.2,450.2,0,1,0,1.2,0,0,47.4,0,0.8,0,1,3,0,0,0,0.936666667,2.963,1.500882353,1.37,3.52,2.6105,17,1,3.2815,17.64029,16.5,22.2,21.4,5,0,22
35,2,1997,fall,7.03,3.982930299,26.03306018,28,28.70144774,12.87879802,ABUNDANT,6.4,0,117.6,120.6,374.2,0,0,0,0.8,0,0,1,0,0.4,0,0,0.2,0,100,47,0.936666667,2.963,1.500882353,1.37,3.52,2.6105,17,1,3.2815,17.64029,16.5,22.2,21.4,5,0,22
35,3,1997,fall,7.7,4.155844156,26.03306018,32,30.03458937,12.87879802,ABUNDANT,4,0.5,189,46.2,501.8,0,0,0,0,0,0,6,0,0.2,0.5,0,0.2,0,92,83,0.936666667,2.963,1.500882353,1.37,3.52,2.6105,17,1,3.2815,17.64029,16.5,22.2,21.4,5,0,22
35,4,1997,fall,3.84,0.260416667,3.808541098,1,2.758448354,3.033993133,FEW,2.2,1,5.2,64.4,93.4,0,0,0,2,0.2,0.5,0,0,0.6,0,1.5,0.8,0,23,35,0.936666667,2.963,1.500882353,1.37,3.52,2.6105,17,1,3.2815,17.64029,16.5,22.2,21.4,5,0,22
35,5,1997,fall,3.84,0.260416667,3.808541098,1,2.909927644,3.10948558,FEW,3.6,0,11,31.2,121.4,0,0.2,0,2.6,0.2,0,0.4,0,1,2.5,2,0,0,13,84,0.936666667,2.963,1.500882353,1.37,3.52,2.6105,17,1,3.2815,17.64029,16.5,22.2,21.4,5,0,22
35,6,1997,fall,7.07,0,2.685279932,0,0,1.511049205,FEW,19.8,0,37.8,52.8,342.2,0,0.2,0,1,0,0,1.4,0,0.2,0,3.5,0.6,0,1,17,0.936666667,2.963,1.500882353,1.37,3.52,2.6105,17,1,3.2815,17.64029,16.5,22.2,21.4,5,0,22
37,1,1998,fall,9.8,0.204081633,3.742965869,2,1.781167077,3.316508028,FEW,2.2,0.5,2.8,0.8,203.8,0,0,0,0.8,0,0,21,0,0.4,0,2,5.4,0,0,2,0.251666667,-0.194666667,1.93486166,1.66,5.34,3.854,48,20,4.4176,17.65336,16.8,21.3,20.48,0,0,21.2
37,2,1998,fall,7.03,3.556187767,11.38082729,25,32.2288969,15.04939448,ABUNDANT,4.8,0,113,43.2,251.2,0,0,0,0.4,0,0,0.4,0,0.2,0,0,0,0,33,97,0.251666667,-0.194666667,1.93486166,1.66,5.34,3.854,48,20,4.4176,17.65336,16.8,21.3,20.48,0,0,21.2
37,3,1998,fall,7.7,3.246753247,11.38082729,25,34.32081204,15.04939448,ABUNDANT,7,0,84,26,275.2,0,0,0,0.4,0,0,3.8,0,0,0.5,0,2.4,0,75,71,0.251666667,-0.194666667,1.93486166,1.66,5.34,3.854,48,20,4.4176,17.65336,16.8,21.3,20.48,0,0,21.2
37,4,1998,fall,3.84,0.520833333,2.980095163,2,2.991535665,3.472520533,FEW,8.6,0,8.6,48,55,0,0,0,1,0.2,0,0.2,0,1.2,1,1,0,0,18,163,0.251666667,-0.194666667,1.93486166,1.66,5.34,3.854,48,20,4.4176,17.65336,16.8,21.3,20.48,0,0,21.2
37,6,1998,fall,7.07,0,2.34371416,0,0,1.756618962,FEW,17.6,0,49.6,25.2,118.2,0,0,0,1,0,0,0.4,0,0.6,0.5,14.5,1.2,0,5,36,0.251666667,-0.194666667,1.93486166,1.66,5.34,3.854,48,20,4.4176,17.65336,16.8,21.3,20.48,0,0,21.2
39,1,1999,fall,9.8,0.204081633,3.304199166,2,1.706225502,3.50919903,FEW,0.8,0.5,13.4,11.8,340.4,0,0.2,0,1.2,0,0,64,0,0.2,0,0,3.6,0,6,7,-1.608333333,-0.735,1.596328767,1.45,3.69,2.606,17,1,3.1744,17.14547945,16.9,23.2,22.08,24,2,22.636
39,2,1999,fall,7.03,7.112375533,22.29988741,50,36.04726149,17.51602139,ABUNDANT,4,0,65.6,88,1078.2,0,0.6,0,5.6,0,0,0.8,0,1.6,2,0,0,0,64,26,-1.608333333,-0.735,1.596328767,1.45,3.69,2.606,17,1,3.1744,17.14547945,16.9,23.2,22.08,24,2,22.636
39,3,1999,fall,7.7,6.493506494,22.29988741,50,39.14886323,17.51602139,ABUNDANT,2.4,0,79.2,44,615,0,0.4,0,4,0,0,8.6,0,0.2,1.5,0,1,0,74,19,-1.608333333,-0.735,1.596328767,1.45,3.69,2.606,17,1,3.1744,17.14547945,16.9,23.2,22.08,24,2,22.636
39,5,1999,fall,3.84,0.520833333,4.017648424,2,3.136635274,3.989925232,FEW,15,0,11.2,53.8,172.8,0,0.4,0,2.4,0.6,0,1.2,0,0.8,0,0,0.4,0,12,13,-1.608333333,-0.735,1.596328767,1.45,3.69,2.606,17,1,3.1744,17.14547945,16.9,23.2,22.08,24,2,22.636
41,1,2000,fall,9.8,0.102040816,1.95081289,1,1.531212448,3.630645109,FEW,0,0.5,0.2,4,675,0,0,0,0,0,0,23.2,0,0,0,0,5.8,0,0,0,-1.4425,-0.185333333,1.485,1.345,4.77,2.605,18,2,3.1744,17.20710383,17.45,21.7,20.6,0,0,21.4
41,2,2000,fall,7.03,8.392603129,13.20674605,59,39.71376462,20.07115149,ABUNDANT,0,0,0,30.6,646.8,0,0.4,0,8,0.2,0,5,0,1.4,2.5,0.5,0.4,0,0,0,-1.4425,-0.185333333,1.485,1.345,4.77,2.605,18,2,3.2235,17.20710383,17.45,21.7,20.6,0,0,21.4
41,3,2000,fall,7.7,6.103896104,13.20674605,47,43.90973174,20.07115149,ABUNDANT,0,0,0,22,517.6,0,0.8,0,3.6,0,0,10.8,0,0.2,1,2,0.2,0,0,0,-1.4425,-0.185333333,1.485,1.345,4.77,2.605,18,2,3.2235,17.20710383,17.45,21.7,20.6,0,0,21.4
41,4,2000,fall,3.84,0.78125,1.142673327,3,3.278722496,4.370870649,FEW,6.2,0,10.4,58.2,112.8,0,1.2,0.2,2.2,1.2,0,0.4,0,0.6,0.5,2.5,0,0,6,58,-1.4425,-0.185333333,1.485,1.345,4.77,2.605,18,2,3.2235,17.20710383,17.45,21.7,20.6,0,0,21.4
41,5,2000,fall,3.84,0.260416667,1.142673327,1,3.146192412,4.434694568,FEW,9.4,0,12.2,45,184,0,0,0,2.4,0.4,0,0.6,0,0.2,3.5,6.5,0,0,5,14,-1.4425,-0.185333333,1.485,1.345,4.77,2.605,18,2,3.2235,17.20710383,17.45,21.7,20.6,0,0,21.4
41,6,2000,fall,7.07,0.141442716,1.049766774,1,0.08322738,2.295461348,FEW,0,0,0,68.4,1365.6,0,0.2,0,2.8,0.2,0,4.4,0,0.4,0.5,12.5,0.2,0,0,0,-1.4425,-0.185333333,1.485,1.345,4.77,2.605,18,2,3.1744,17.20710383,17.45,21.7,20.6,0,0,21.4
43,1,2001,fall,9.8,0,2.760780753,0,1.31061127,3.719484953,FEW,0,0,0,0.6,597.4,0,0.2,20,3.6,0,0,42,0,0,0,0,1,0,0,1,-1.015833333,0.147666667,1.464478022,1.33,4.29,2.6125,19,5,3.2235,17.19835616,16.8,22.7,21.4,8,0,22.2
43,2,2001,fall,7.03,5.689900427,23.76160058,40,42.78562938,22.50725752,ABUNDANT,43.2,0,0.6,0.4,1.4,0,0.8,0.2,4.8,0,0,1.6,0,1.2,0.5,0,0,0,442,1,-1.015833333,0.147666667,1.464478022,1.33,4.29,2.6125,19,5,3.5711,17.19835616,16.8,22.7,21.4,8,0,22.2
43,3,2001,fall,7.7,6.103896104,23.76160058,47,47.99440637,22.50725752,ABUNDANT,25.4,0,0,0.2,0.2,0,1,0,1.6,0,0,3,0,0.6,0,0,0,0,176,1,-1.015833333,0.147666667,1.464478022,1.33,4.29,2.6125,19,5,3.5711,17.19835616,16.8,22.7,21.4,8,0,22.2
43,4,2001,fall,3.84,0.260416667,7.360945572,1,3.415394853,4.823633286,FEW,9.6,0,2.4,66.2,163.4,0,0.8,0,2.4,2,0,0,0,1.8,1,3,1,0,9,19,-1.015833333,0.147666667,1.464478022,1.33,4.29,2.6125,19,5,3.5711,17.19835616,16.8,22.7,21.4,8,0,22.2
43,5,2001,fall,3.84,1.302083333,7.360945572,5,3.165010874,4.879358224,FEW,26.4,0,11,51.6,205.4,0,0.2,0,3,1.2,0,0.2,0,1.2,3,1.5,0.2,0,6,88,-1.015833333,0.147666667,1.464478022,1.33,4.29,2.6125,19,5,3.2235,17.19835616,16.8,22.7,21.4,8,0,22.2
43,6,2001,fall,7.07,0,2.280379643,0,0.066247725,2.584648687,FEW,0,0,0,35.8,502.8,0,0.2,0,2,0.4,0,0.6,0,0.4,0.5,6.5,0,0,0,0,-1.015833333,0.147666667,1.464478022,1.33,4.29,2.6125,19,5,3.5711,17.19835616,16.8,22.7,21.4,8,0,22.2
45,1,2002,fall,9.8,0.204081633,4.334479365,2,1.09890532,3.814357252,FEW,0,0,0.2,0.2,573.6,0,1.8,41.5,5.6,0,0,1.4,0,0,0,0,0.8,0,0,4,-1.03,0.87,1.38547486,1.245,3.29,2.4615,14,0,2.9972,17.097,17.2,21.6,20.56,0,0,21.036
45,2,2002,fall,7.03,8.108108108,25.09193072,57,44.82007889,24.61681223,ABUNDANT,9,0,0.6,5,17.8,0,8.2,0,16.6,0,0,4.8,0,6,0.5,0,0,1,0,215,-1.03,0.87,1.38547486,1.245,3.29,2.4615,14,0,2.9972,17.097,17.2,21.6,20.56,0,0,21.036
45,3,2002,fall,7.7,8.051948052,25.09193072,62,50.79387592,24.61681223,ABUNDANT,14.4,0,0.8,1.8,0.4,0,2.4,0,3.4,0.2,0,0.2,0,1,0.5,0,0.4,1,1,159,-1.03,0.87,1.38547486,1.245,3.29,2.4615,14,0,2.9972,17.097,17.2,21.6,20.56,0,0,21.036
45,4,2002,fall,3.84,1.302083333,6.47351485,5,3.602501731,5.274080925,FEW,7,0,6.2,59.8,128,0,3.6,0.2,8.8,1,0,0.6,0,1.8,1.5,1,0.2,0,11,34,-1.03,0.87,1.38547486,1.245,3.29,2.4615,14,0,2.9972,17.097,17.2,21.6,20.56,0,0,21.036
45,5,2002,fall,3.84,2.083333333,6.47351485,8,3.251934991,5.321562185,FEW,13.6,0,4.6,66.2,160.8,0,1.4,0,4.4,0.8,0,0.4,0,1.2,1.5,3.5,0.4,0,3,1,-1.03,0.87,1.38547486,1.245,3.29,2.4615,14,0,2.9972,17.097,17.2,21.6,20.56,0,0,21.036
45,6,2002,fall,7.07,0,2.731361747,0,0.056796624,2.874172185,FEW,13.2,13.5,26.4,33.4,662,0,0.8,0,1.8,0,0,0,0,0.2,0,6.5,0.4,0,0,47,-1.03,0.87,1.38547486,1.245,3.29,2.4615,14,0,2.9972,17.097,17.2,21.6,20.56,0,0,21.036
47,1,2003,fall,9.8,0,2.389457005,0,0.950577953,3.953900693,FEW,12.4,0.5,44.2,0.4,223.4,0,0.8,2.5,7.8,0,0,0.6,0,0,1,0,1.8,0,128,59,0.526666667,0.312333333,1.478821918,1.34,3.8,2.646,20,3,3.36,17.46273973,16.9,23.9,21,8,3,22.352
47,2,2003,fall,7.03,6.116642959,21.2809626,43,45.60783039,26.42783877,ABUNDANT,65.8,0,11.6,0.6,1,0,4.2,0,10,0.2,0,0.2,0,0.6,1.5,0,0,0,80,140,0.526666667,0.312333333,1.478821918,1.34,3.8,2.646,20,3,3.36,17.46273973,16.9,23.9,21,8,3,22.352
47,3,2003,fall,7.7,7.792207792,21.2809626,60,52.20284685,26.42783877,ABUNDANT,40.4,0,12.8,0,0,0,1.8,0,3.8,0.4,0,0.6,0,0.4,1,0,0.4,0,120,76,0.526666667,0.312333333,1.478821918,1.34,3.8,2.646,20,3,3.36,17.46273973,16.9,23.9,21,8,3,22.352
47,4,2003,fall,3.84,2.083333333,8.33991525,8,3.881329548,5.718683527,FEW,1.8,0,2.6,87.8,74.4,0,7,0,3,2.6,0,0,0,2,1,3.5,1.2,0,8,11,0.526666667,0.312333333,1.478821918,1.34,3.8,2.646,20,3,3.36,17.46273973,16.9,23.9,21,8,3,22.352
47,5,2003,fall,3.84,1.5625,8.33991525,6,3.465809094,5.758952436,FEW,5.2,0,12.2,54,75.2,0,1,0.6,5.6,1.6,0,0.2,0,2.2,2.5,6,0.4,0,9,100,0.526666667,0.312333333,1.478821918,1.34,3.8,2.646,20,3,3.36,17.46273973,16.9,23.9,21,8,3,22.352
47,6,2003,fall,7.07,0,3.072336707,0,0.065609999,3.154400888,FEW,10,0,147.4,40,366.4,0,2.6,0,0.8,0,0,1.6,0,0,0.5,5,0.2,0,1,19,0.526666667,0.312333333,1.478821918,1.34,3.8,2.646,20,3,3.36,17.46273973,16.9,23.9,21,8,3,22.352
49,1,2004,fall,9.8,0.102040816,2.553996403,1,0.779665207,4.07022498,FEW,6.4,0,168.2,5.2,470.4,0,0.2,0,11.2,0,0,0,0,0,0,1.5,0.2,0,128,85,-0.130833333,0.58,1.459535519,1.33,3.86,2.415,14,2,3.2675,17.65628415,17.6,22.6,21.675,12,0,22.5
49,4,2004,fall,3.84,1.5625,3.041341021,6,4.113404253,6.144251672,FEW,18.4,0,6.4,80.4,67.8,0,6.4,0.2,5,0.4,0,0,0,1,0.5,4.5,0,0,12,72,-0.130833333,0.58,1.459535519,1.33,3.86,2.415,14,2,3.2675,17.65628415,17.6,22.6,21.675,12,0,22.5
49,5,2004,fall,3.84,0,3.041341021,0,3.665215031,6.17684175,FEW,26.4,0,10.4,56.2,83,0,2.8,0.2,4.2,2.4,0,0,0,0.4,1.5,4,0.2,0,41,113,-0.130833333,0.58,1.459535519,1.33,3.86,2.415,14,2,3.2675,17.65628415,17.6,22.6,21.675,12,0,22.5
49,6,2004,fall,7.07,0,2.343272595,0,0.10342377,3.415703842,FEW,12.6,0.5,133,61.2,900.4,0,2.2,0,2,0.2,0,1.4,0,0.2,0,7,0.2,0,6,30,-0.130833333,0.58,1.459535519,1.33,3.86,2.415,14,2,3.2675,17.65628415,17.6,22.6,21.675,12,0,22.5
51,1,2005,fall,9.8,0,4.292157084,0,0.535836525,4.129249707,FEW,8.1666667,1,54.3333333,2.6666667,428.5,0,1.6666667,0,1,2.8333333,0,2.6666667,0,0,0,0,1.3333333,0,136,262,-0.175,0.385666667,1.426684932,1.3,3.9,2.44,14,1,3.25,18.06,17.8,24.4,21.68,13,7,23.444
51,2,2005,fall,7.03,4.409672831,20.00602114,31,44.80375834,29.62296631,ABUNDANT,8.5,0,30.25,0,0,0,12,0,10,0,0,0.25,0,0.25,0.5,0,0,0,31,33,-0.175,0.385666667,1.426684932,1.3,3.9,2.44,14,1,3.25,18.06,17.8,24.4,21.68,13,7,23.444
51,3,2005,fall,7.7,5.584415584,20.00602114,43,52.60969255,29.62296631,ABUNDANT,8.2,0,10,0,0,0,6.4,0,5.8,0.2,0,0,0,0,0.5,0,0,0,44,54,-0.175,0.385666667,1.426684932,1.3,3.9,2.44,14,1,3.25,18.06,17.8,24.4,21.68,13,7,23.444
51,4,2005,fall,3.84,0.78125,6.437798205,3,4.252193997,6.551302066,FEW,7.4,0,2.2,132,72.2,0,13.2,0.4,9.8,3.8,0,0.2,0,1.2,0.5,1,0,0,2,42,-0.175,0.385666667,1.426684932,1.3,3.9,2.44,14,1,3.25,18.06,17.8,24.4,21.68,13,7,23.444
51,5,2005,fall,3.84,0.78125,6.437798205,3,3.783600141,6.574765606,FEW,7.6,0,2.6,73,52,0,6,0,6.4,2.4,0,0.2,0,1.2,1.5,6,0.4,0,0,0,-0.175,0.385666667,1.426684932,1.3,3.9,2.44,14,1,3.25,18.06,17.8,24.4,21.68,13,7,23.444
51,6,2005,fall,7.07,0,3.561885997,0,0.065413671,3.648082729,FEW,12.6,0,102.8,23.8,333.4,0,1,0,2.2,0,0,0,0,0,0,9,0.2,0,0,58,-0.175,0.385666667,1.426684932,1.3,3.9,2.44,14,1,3.25,18.06,17.8,24.4,21.68,13,7,23.444
53,1,2006,fall,9.8,0,5.858206279,0,0.327025363,4.220328396,FEW,5.6,0,26.4,7.4,433.8,0,0.4,0,4.6,0,0,0,0,0,0.5,1,1,0,39,98,-0.6325,0.757666667,1.408465753,1.24,4.3,2.638,21,5,3.5748,17.84986301,17.7,24.7,22.3,21,10,24.5
53,2,2006,fall,7.03,3.556187767,34.93370691,25,43.94714366,30.98675726,ABUNDANT,38.6,5.5,5,4,3.4,0,10.4,0,9.8,0,0,0,0,0,0.5,0,0,0,31,181,-0.6325,0.757666667,1.408465753,1.24,4.3,2.638,21,5,3.5748,17.84986301,17.7,24.7,22.3,21,10,24.5
53,3,2006,fall,7.7,4.935064935,34.93370691,38,52.17973931,30.98675726,ABUNDANT,46.6,2,29.6,0,0.2,0,7,0,3,0,0,0,0,0,0.5,0,0,0,44,266,-0.6325,0.757666667,1.408465753,1.24,4.3,2.638,21,5,3.5748,17.84986301,17.7,24.7,22.3,21,10,24.5
53,4,2006,fall,3.84,0.260416667,6.860290858,1,4.4768985,6.956863855,FEW,19.8,0,4.8,107.4,73.8,0,16.2,0.4,7.8,3.2,0,0,0,0.4,2,0,0,0,5,72,-0.6325,0.757666667,1.408465753,1.24,4.3,2.638,21,5,3.5748,17.84986301,17.7,24.7,22.3,21,10,24.5
53,5,2006,fall,3.84,0.260416667,6.860290858,1,3.992106995,6.971704049,FEW,40.2,0,0.6,121.4,88,0,5,0,5.6,0.6,0,0,0,1.4,2.5,2.5,0.2,0,0,9,-0.6325,0.757666667,1.408465753,1.24,4.3,2.638,21,5,3.5748,17.84986301,17.7,24.7,22.3,21,10,24.5
53,6,2006,fall,7.07,0,4.925837714,0,0,3.863033386,FEW,5.4,0,98.6,54.4,341.8,0,0.6,0.4,0.8,0,0,0.4,0,0,0,8.5,0.2,0,3,22,-0.6325,0.757666667,1.408465753,1.24,4.3,2.638,21,5,3.5748,17.84986301,17.7,24.7,22.3,21,10,24.5
55,1,2007,fall,9.8,0,6.895467584,0,0.261165178,4.432814569,FEW,0.6,4.5,26,7.6,559.8,0,0.2,0,0.4,0,0,0.6,0,0,0,0.5,1.4,0,22,38,-0.564166667,-0.636666667,1.441479452,1.27,4.28,2.764,23,3,3.3676,17.86794521,17.1,23.5,22.38,32,6,23.2
55,2,2007,fall,7.03,4.694167852,43.02970331,33,43.27761581,32.18115965,ABUNDANT,6.2,5.5,73.2,18,25.2,0,6,0,3.8,0,0,0,0,0,1.5,0,0.2,0,238,182,-0.564166667,-0.636666667,1.441479452,1.27,4.28,2.764,23,3,3.3676,17.86794521,17.1,23.5,22.38,32,6,23.2
55,3,2007,fall,7.7,6.233766234,43.02970331,48,51.70898335,32.18115965,ABUNDANT,6.2,10,51,0,0.6,0,5.6,0.2,1.8,0,0,0,0,0,0.5,0,0,0,253,178,-0.564166667,-0.636666667,1.441479452,1.27,4.28,2.764,23,3,3.3676,17.86794521,17.1,23.5,22.38,32,6,23.2
55,4,2007,fall,3.84,0.260416667,7.888742091,1,4.966717483,7.377966187,FEW,9.6,0,3.6,106.6,81.8,0,19.2,0.4,5.4,1.4,0,0,0,0.6,4,1.5,0.4,0,5,55,-0.564166667,-0.636666667,1.441479452,1.27,4.28,2.764,23,3,3.3676,17.86794521,17.1,23.5,22.38,32,6,23.2
55,5,2007,fall,3.84,0.260416667,7.888742091,1,4.461878163,7.386637125,FEW,14.8,0,1.6,83.8,103.8,0,4.6,0.2,2.8,0.6,0,0.2,0,1.6,3,4.5,0,0,3,17,-0.564166667,-0.636666667,1.441479452,1.27,4.28,2.764,23,3,3.3676,17.86794521,17.1,23.5,22.38,32,6,23.2
55,6,2007,fall,7.07,0,6.136754595,0,0,4.083166098,FEW,16,3,94.2,71.4,374.4,0,3,0.2,1,0,0,0.6,0,0.2,0.5,14.5,0,0,0,24,-0.564166667,-0.636666667,1.441479452,1.27,4.28,2.764,23,3,3.3676,17.86794521,17.1,23.5,22.38,32,6,23.2
57,1,2008,fall,9.8,0,2.562989873,0,0.321054943,4.754944026,FEW,0.8,1.5,26.8,8.4,741,0,0.4,0,0.6,0,0,0.2,0,1.6,0,1.5,0,0,81,80,-1.735833333,-0.254333333,1.434180328,1.275,5.39,2.56,17,2,3.1905,17.4557377,17.6,23.2,21.9,17,1,22.535
57,2,2008,fall,7.03,9.815078236,41.076556,69,42.61757879,33.22551577,ABUNDANT,31.2,0,55.8,21.2,27.8,0,7.4,0.2,4.4,0.6,0,0,0,0,0.5,0,0,0,198,187,-1.735833333,-0.254333333,1.434180328,1.275,5.39,2.56,17,2,3.1905,17.4557377,17.6,23.2,21.9,17,1,22.535
57,3,2008,fall,7.7,9.350649351,41.076556,72,51.06177133,33.22551577,ABUNDANT,22.4,0,44.4,0.2,2.2,0,5.8,0,2.2,0.2,0,0,0,0,0,0,0,0,231,198,-1.735833333,-0.254333333,1.434180328,1.275,5.39,2.56,17,2,3.1905,17.4557377,17.6,23.2,21.9,17,1,22.535
57,4,2008,fall,3.84,1.822916667,3.960104577,7,5.686006103,7.811316513,FEW,6.4,0,4.6,86,73.6,0,14.4,1.2,4.4,0.6,0,0,0,0.6,0.5,0,0,0,3,101,-1.735833333,-0.254333333,1.434180328,1.275,5.39,2.56,17,2,3.1905,17.4557377,17.6,23.2,21.9,17,1,22.535
57,5,2008,fall,3.84,1.5625,3.960104577,6,5.157872559,7.815713074,FEW,16.2,0,5.6,67,92.2,0,7,0.2,3.4,0.8,0,0,0,0.4,2,5.5,0.2,0,5,75,-1.735833333,-0.254333333,1.434180328,1.275,5.39,2.56,17,2,3.1905,17.4557377,17.6,23.2,21.9,17,1,22.535
57,6,2008,fall,7.07,0.141442716,3.181903571,1,0.120384151,4.331091145,FEW,8,0,83.8,99.6,479.8,0,1.6,0.4,1.2,0,0,0.6,0,0.4,0.5,18.5,1.6,0,9,145,-1.735833333,-0.254333333,1.434180328,1.275,5.39,2.56,17,2,3.1905,17.4557377,17.6,23.2,21.9,17,1,22.535
61,1,2010,fall,9.8,0.408163265,7.871337135,4,0.589495343,5.537902272,FEW,8.2,0,12.6,3.8,651.6,0,1,0.6,3.4,0.2,0,0.6,0,0,0,0,0.2,0,13,130,-0.8625,-1.569,1.566785714,1.36,4.53,2.967,35,7,4.0396,17.51484,17.2,22.2,21.48,4,0,21.936
61,2,2010,fall,7.03,3.698435277,25.52929011,26,40.24196263,34.94017051,ABUNDANT,9,0,40.8,33.4,111,0,8.4,0,6,0.4,0,0.2,0,0,0.5,0,0.2,0,227,344,-0.8625,-1.569,1.566785714,1.36,4.53,2.967,35,7,4.0396,17.51484,17.2,22.2,21.48,4,0,21.936
61,3,2010,fall,7.7,3.896103896,25.52929011,30,48.40819875,34.94017051,ABUNDANT,5.4,0,43.6,2.4,29.4,0,6.6,0,1.4,0.2,0,0.2,0,0,1,0,0,0,513,180,-0.8625,-1.569,1.566785714,1.36,4.53,2.967,35,7,4.0396,17.51484,17.2,22.2,21.48,4,0,21.936
61,4,2010,fall,3.84,2.604166667,11.27245749,10,7.433036869,8.6910166,ABUNDANT,2.4,0,7.2,68.6,239.4,0,13.6,0.8,3.6,1.4,0,0.2,0,0.6,0,6.5,0.2,0,8,151,-0.8625,-1.569,1.566785714,1.36,4.53,2.967,35,7,4.0396,17.51484,17.2,22.2,21.48,4,0,21.936
61,5,2010,fall,3.84,2.604166667,11.27245749,10,6.872331042,8.68793759,ABUNDANT,6.4,0,5,50.2,239.2,0,5.4,0.6,1.6,1.2,0,0.2,0,0,1,9.5,0.6,0,5,112,-0.8625,-1.569,1.566785714,1.36,4.53,2.967,35,7,4.0396,17.51484,17.2,22.2,21.48,4,0,21.936
61,6,2010,fall,7.07,0,5.503677166,0,1.032504972,4.885893182,FEW,13.6,0,60.8,59.4,691.6,0,1.6,1.2,0.8,0.2,0,0.4,0,0.4,0.5,23,0.4,0,8,136,-0.8625,-1.569,1.566785714,1.36,4.53,2.967,35,7,4.0396,17.51484,17.2,22.2,21.48,4,0,21.936
63,1,2011,fall,9.8,0,5.398485461,0,0.823966651,6.014577145,FEW,4,0,17.8,6,608.8,0,1.2,0.6,2.8,0,0,1.8,0,0,0.5,0.5,0.2,0,36,277,-1.7425,-0.505333333,1.369041096,1.24,3.72,2.244,10,1,3.254,17.0139726,17.3,21.2,20.1,0,0,20.936
63,2,2011,fall,7.03,6.40113798,45.10934074,45,38.64903832,35.60896531,ABUNDANT,11.8,1.5,14,4.6,88,0,7.8,0.2,7.6,0.8,0,0,0,0,0.5,0,0,0,248,235,-1.7425,-0.505333333,1.369041096,1.24,3.72,2.244,10,1,3.254,17.0139726,17.3,21.2,20.1,0,0,20.936
63,3,2011,fall,7.7,5.844155844,45.10934074,45,46.50140593,35.60896531,ABUNDANT,7,1,31.8,0.2,6.8,0,6,0,0.8,0,0,0,0,0,0,0,0.2,0,460,105,-1.7425,-0.505333333,1.369041096,1.24,3.72,2.244,10,1,3.254,17.0139726,17.3,21.2,20.1,0,0,20.936
63,4,2011,fall,3.84,2.34375,10.33919082,9,8.517698079,9.150827293,ABUNDANT,5.6,0,6,54.6,166.6,0,17,0.8,6.4,2,0,0,0,2,0.5,3.5,0,0,5,147,-1.7425,-0.505333333,1.369041096,1.24,3.72,2.244,10,1,3.254,17.0139726,17.3,21.2,20.1,0,0,20.936
63,5,2011,fall,3.84,2.34375,10.33919082,9,7.951600737,9.145192398,ABUNDANT,9,0,9.4,33.2,256.2,0,8.8,1.2,4.6,0.2,0,0,0,0.4,0.5,10,0,0,9,108,-1.7425,-0.505333333,1.369041096,1.24,3.72,2.244,10,1,3.254,17.0139726,17.3,21.2,20.1,0,0,20.936
63,6,2011,fall,7.07,0,5.050392667,0,1.628727438,5.177455579,FEW,3.8,0.5,54.2,84.8,804.2,0,6,0,1.4,0.2,0,0,0,0.2,0,13,0.4,0,4,116,-1.7425,-0.505333333,1.369041096,1.24,3.72,2.244,10,1,3.254,17.0139726,17.3,21.2,20.1,0,0,20.936
65,1,2012,fall,9.8,0,5.753781274,0,1.14255248,6.558613242,FEW,1.8,0.5,26.2,10,734.6,0,1.8,0,1.8,0.4,0,0.6,0,0.2,0.5,1,0.2,0,149,9,-2.009166667,0.685333333,1.338893443,1.24,3.36,2.3695,7,0,3.114,16.90779,15.2,21.4,20.3,0,0,21.105
65,2,2012,fall,7.03,6.685633001,46.5138489,47,36.86780644,36.1510692,ABUNDANT,5.8,0,19,39.2,111.6,0,5.8,0.2,4.4,0,0,0,0,0,0,0,0,1,204,236,-2.009166667,0.685333333,1.338893443,1.24,3.36,2.3695,7,0,3.114,16.90779,15.2,21.4,20.3,0,0,21.105
65,3,2012,fall,7.7,9.090909091,46.5138489,70,44.27432057,36.1510692,ABUNDANT,4.4,0,27.4,3.2,33.4,0,4.2,0,1.8,0.4,0,0.4,0,0,0.5,0,0,0,412,210,-2.009166667,0.685333333,1.338893443,1.24,3.36,2.3695,7,0,3.114,16.90779,15.2,21.4,20.3,0,0,21.105
65,4,2012,fall,3.84,3.385416667,13.71656602,13,9.781069214,9.632919041,ABUNDANT,6.8,0,4,69.4,125.4,0,14.4,0.6,6.2,0.6,0,0,0,0.6,1.5,6,0,1,6,130,-2.009166667,0.685333333,1.338893443,1.24,3.36,2.3695,7,0,3.114,16.90779,15.2,21.4,20.3,0,0,21.105
65,5,2012,fall,3.84,3.385416667,13.71656602,13,9.219434472,9.625946399,ABUNDANT,9.4,0,6.2,63,224.2,0,10.6,0,6,0.2,0,0.2,0,1,0.5,10,0,0,22,144,-2.009166667,0.685333333,1.338893443,1.24,3.36,2.3695,7,0,3.114,16.90779,15.2,21.4,20.3,0,0,21.105
65,6,2012,fall,7.07,0.565770863,6.054884057,4,2.347608564,5.480322734,FEW,6,0,38,68.2,1046,0,5.8,0.2,2.8,0.2,0,0.4,0,0,0,3,0.4,0,10,130,-2.009166667,0.685333333,1.338893443,1.24,3.36,2.3695,7,0,3.114,16.90779,15.2,21.4,20.3,0,0,21.105
67,1,2013,fall,9.8,0,5.958435311,0,1.558213167,7.177933605,FEW,0,0,16.8,10.8,402.2,0,1.8,0.4,4.6,0.4,0,1.2,0,0.2,0,0.5,1.2,0,44,48,-1.121666667,-0.322666667,1.36359375,1.245,3.69,2.5375,12,2,3.2865,16.89609,15,25,20.5,5,4,23.176
67,2,2013,fall,7.03,0.426742532,16.34837623,3,34.95959439,36.56573027,ABUNDANT,3.6,0,27.4,32.4,110.2,0,5.6,0,4.6,0.2,0,0,0,0,1.5,0,0,0,188,392,-1.121666667,-0.322666667,1.36359375,1.245,3.69,2.5375,12,2,3.2865,16.89609,15,25,20.5,5,4,23.176
67,3,2013,fall,7.7,0.38961039,16.34837623,3,41.77672655,36.56573027,ABUNDANT,6.4,0,39.8,3.6,41.6,0,5.8,0,3,0.2,0,0,0,0.2,1,0,0,0,389,427,-1.121666667,-0.322666667,1.36359375,1.245,3.69,2.5375,12,2,3.2865,16.89609,15,25,20.5,5,4,23.176
67,4,2013,fall,3.84,2.34375,7.974657687,9,11.25160981,10.14402231,FEW,1.2,0,5.2,60,195.6,0,29,5.2,9.6,0.6,0,0.2,0,0.4,2.5,4.5,0,0,7,152,-1.121666667,-0.322666667,1.36359375,1.245,3.69,2.5375,12,2,3.2865,16.89609,15,25,20.5,5,4,23.176
67,5,2013,fall,3.84,2.34375,7.974657687,9,10.70623505,10.13725271,FEW,2.4,0,5.8,26.8,144.2,0,11,0.6,5.2,0.6,0,0.2,0,0.4,2,13,0,0,22,145,-1.121666667,-0.322666667,1.36359375,1.245,3.69,2.5375,12,2,3.2865,16.89609,15,25,20.5,5,4,23.176
67,6,2013,fall,7.07,0,4.52703448,0,3.211061321,5.795892523,FEW,12.4,0,26.4,79.4,935,0,7.2,0.2,2.6,0.2,0,0.4,0,0.2,0.5,3,0,0,3,162,-1.121666667,-0.322666667,1.36359375,1.245,3.69,2.5375,12,2,3.2865,16.89609,15,25,20.5,5,4,23.176
69,1,2014,fall,9.8,0,5.020971431,0,2.070935076,7.872161055,FEW,2.8,3.5,47,9,636.2,0,0.6,0.2,0,0,0,2,0.2,0.2,0.2,0,0,0,62,12,-0.26,0.807,1.233041096,1.12,4.8,2.108,8,2,2.958,18.31534247,18.3,23.6,22.08,20,2,22.936
69,2,2014,fall,7.03,1.991465149,29.08341735,14,32.93622121,36.84674358,ABUNDANT,5.8,0,47.6,32.8,138,0,0.6,0,0,0,0.2,0,0,0,0.7,0,0,0,169,389,-0.26,0.807,1.233041096,1.12,4.8,2.108,8,2,2.958,18.31534247,18.3,23.6,22.08,20,2,22.936
69,3,2014,fall,7.7,2.337662338,29.08341735,18,39.02098192,36.84674358,ABUNDANT,3.6,0,51,4.2,23.4,0,0,0,0,0,0.2,0,0.2,0,1.6,0,0,0,341,180,-0.26,0.807,1.233041096,1.12,4.8,2.108,8,2,2.958,18.31534247,18.3,23.6,22.08,20,2,22.936
69,4,2014,fall,3.84,1.302083333,7.467839706,5,12.93319291,10.68386374,FEW,8.4,0,6.2,55,159.8,0,3.4,0,0,0,3,0,0,1.8,29.3,6,0.6,0,3,143,-0.26,0.807,1.233041096,1.12,4.8,2.108,8,2,2.958,18.31534247,18.3,23.6,22.08,20,2,22.936
69,5,2014,fall,3.84,1.302083333,7.467839706,5,12.41547862,10.67889323,FEW,8,0,7.4,24.6,162.2,0,0.6,0,0,0,0,0.8,1,0.4,27.6,12.5,0,0,28,159,-0.26,0.807,1.233041096,1.12,4.8,2.108,8,2,2.958,18.31534247,18.3,23.6,22.08,20,2,22.936
69,6,2014,fall,7.07,0,4.816692499,0,4.225867086,6.124369317,FEW,3.8,1.5,46.6,110.4,768.8,0,1,0,0,0,2.8,0.8,0,0.6,0.4,11.5,0.2,0,20,120,-0.26,0.807,1.233041096,1.12,4.8,2.108,8,2,2.958,18.31534247,18.3,23.6,22.08,20,2,22.936
70,1,2015,fall,9.8,0,7.942462895,0,2.668595255,8.633670535,FEW,1.4,54.5,29,15,602.2,0,0.4,0.6,0.2,0,0,2.4,0,0.2,3.2,0.5,1.4,0,72,7,0.950833333,0.503333333,1.308328767,1.21,3.45,2.152,6,0,2.7316,19.62219178,19,24.7,23.2,83,25,23.936
70,2,2015,fall,7.03,8.677098151,39.19874051,61,30.74793067,36.9908306,ABUNDANT,4.4,43.6,43.6,22.6,100.4,0,0.2,0.2,0,0,0,0,0.4,0,2.8,0,0.2,0,168,397,0.950833333,0.503333333,1.308328767,1.21,3.45,2.152,6,0,2.7316,19.62219178,19,24.7,23.2,83,25,23.936
70,3,2015,fall,7.7,8.181818182,39.19874051,63,35.96889586,36.9908306,ABUNDANT,3.8,63.6,63.6,5.8,32.6,0,0.4,0.4,0,0,0,0.2,0.2,0,2.2,0,0,0,302,333,0.950833333,0.503333333,1.308328767,1.21,3.45,2.152,6,0,2.7316,19.62219178,19,24.7,23.2,83,25,23.936
70,4,2015,fall,3.84,1.041666667,9.08653677,4,14.80077786,11.24556984,FEW,5.8,10.4,10.4,60.6,234.2,0,2.2,2.2,0,0,0,0.2,0.6,1.2,41.1,7.5,0.8,0,7,212,0.950833333,0.503333333,1.308328767,1.21,3.45,2.152,6,0,2.7316,19.62219178,19,24.7,23.2,83,25,23.936
70,5,2015,fall,3.84,0.260416667,9.08653677,1,14.32002522,11.24374767,FEW,10,5,5,45.2,243.4,0,3.4,3.4,0,0,0,0.4,1.2,1,44.4,29,1.2,0,12,184,0.950833333,0.503333333,1.308328767,1.21,3.45,2.152,6,0,2.7316,19.62219178,19,24.7,23.2,83,25,23.936
70,6,2015,fall,7.07,0,6.33766481,0,5.378079268,6.464650374,FEW,4.6,45.3,42.8,68.4,1147.8,0,4.2,4.2,0,0,0,1.4,0,0.6,1.2,13.5,0.6,0,15,185,0.950833333,0.503333333,1.308328767,1.21,3.45,2.152,6,0,2.7316,19.62219178,19,24.7,23.2,83,25,23.936
72,1,2016,fall,9.8,0,6.672939027,0,3.345990066,9.459513264,FEW,5.6,160.8,125.4,2.2,17.8,0,0.2,0.2,0,0,0,10.8,0.2,0,0.2,0,0.8,0,11,34,0.806666667,2.126666667,1.549908676,1.37,4.45,2.931,17,7,3.7694,16.99818,16.1,24.8,22.7,33,10,23.97
72,2,2016,fall,7.03,5.405405405,37.56377743,38,28.36368729,37.00162907,ABUNDANT,12.8,51.6,51.6,24.8,171.2,0,0.2,0.2,0,0,0,0,2,0.6,1.3,0,0.2,0,59,849,0.806666667,2.126666667,1.549908676,1.37,4.45,2.931,17,7,3.7694,16.99818,16.1,24.8,22.7,33,10,23.97
72,3,2016,fall,7.7,5.194805195,37.56377743,40,32.59442896,37.00162907,ABUNDANT,7.6,60.7,60.2,7.2,65,0,0,0,0,0,0,0,0.4,0,0.2,0,0.6,0,199,407,0.806666667,2.126666667,1.549908676,1.37,4.45,2.931,17,7,3.7694,16.99818,16.1,24.8,22.7,33,10,23.97
72,4,2016,fall,3.84,1.822916667,7.146444031,7,16.83945359,11.82597085,FEW,1,3.4,3.4,56.6,211.8,0,0.8,0.8,0,0,0,0,0.6,0.2,35.5,3.5,2.4,0,4,125,0.806666667,2.126666667,1.549908676,1.37,4.45,2.931,17,7,3.7694,16.99818,16.1,24.8,22.7,33,10,23.97
72,5,2016,fall,3.84,1.822916667,7.146444031,7,16.40435352,11.82851594,FEW,4.6,8.1,7.6,28,169.4,0,0.8,1,0,0,0,1,0.8,0.4,25.7,14.5,1.2,0,13,163,0.806666667,2.126666667,1.549908676,1.37,4.45,2.931,17,7,3.7694,16.99818,16.1,24.8,22.7,33,10,23.97
72,6,2016,fall,7.07,0.99009901,4.751679183,7,6.658518878,6.816172907,FEW,2.2,20.6,18.6,56.4,406,0,0.8,0.8,0,0,0,0.4,9.2,0,0,9,0,0,10,111,0.806666667,2.126666667,1.549908676,1.37,4.45,2.931,17,7,3.7694,16.99818,16.1,24.8,22.7,33,10,23.97
74,1,2017,fall,9.8,1.12244898,15.5790527,11,4.097915873,10.34674046,ABUNDANT,6.8,115.7,90.6,2,56.2,0,0,0,0,0,0,18.2,1.2,0,0,0,0,0,9,125,0.265833333,-0.063666667,1.429506849,1.25,4.79,2.608,19,5,3.6616,18.23424658,17.9,23.6,22.58,52,6,23.272
74,2,2017,fall,7.03,2.844950213,42.89622956,20,25.75245561,36.88277671,ABUNDANT,16.4,29.6,29.6,32.6,178,0,0.8,0.8,0.2,0,0,0,0.4,1,1.3,0.5,0.2,0,44,536,0.265833333,-0.063666667,1.429506849,1.25,4.79,2.608,19,5,3.6616,18.23424658,17.9,23.6,22.58,52,6,23.272
74,3,2017,fall,7.7,3.766233766,42.89622956,29,28.87154179,36.88277671,ABUNDANT,7,69.3,68.8,10,74.6,0,1,1,0.2,0,0,0.2,0.2,0.2,1.5,0,0.6,0,199,298,0.265833333,-0.063666667,1.429506849,1.25,4.79,2.608,19,5,3.6616,18.23424658,17.9,23.6,22.58,52,6,23.272
74,4,2017,fall,3.84,10.41666667,18.95822167,40,19.03430903,12.42189702,ABUNDANT,8.2,11.9,11.4,38.4,223.8,0,0.2,0.2,0,0,0,0.6,0,0.2,28,15,5.8,0,8,171,0.265833333,-0.063666667,1.429506849,1.25,4.79,2.608,19,5,3.6616,18.23424658,17.9,23.6,22.58,52,6,23.272
74,5,2017,fall,3.84,10.41666667,18.95822167,40,18.65294218,12.42989794,ABUNDANT,13.4,8.2,8.2,21.2,173.6,0,1.4,1.4,0,0,0,0.2,0,0.8,45.2,23,2,0,18,74,0.265833333,-0.063666667,1.429506849,1.25,4.79,2.608,19,5,3.6616,18.23424658,17.9,23.6,22.58,52,6,23.272
74,6,2017,fall,7.07,2.263083451,10.08225616,16,8.058006929,7.17837413,ABUNDANT,5,39.6,35.6,65.2,1220.6,0,0.4,0.4,0,0,0,2.4,0.2,0.6,0.4,10.5,0.6,0,14,122,0.265833333,-0.063666667,1.429506849,1.25,4.79,2.608,19,5,3.6616,18.23424658,17.9,23.6,22.58,52,6,23.272